"","Country/Region","date.x","var","value","value_new","population","Lat","Long","TotalCases","NewCases","TotalDeaths","NewDeaths","TotalRecovered","ActiveCases","Serious,Critical","TotÂ Cases/1M pop","Deaths/1M pop","TotalTests","Tests/1M pop","Continent","date.y"
"1","Afghanistan",2020-04-10,"active",474,36,38928000,9,39,521,37,15,NA,32,474,NA,13,0.4,NA,NA,"Asia","2020-04-10"
"2","Afghanistan",2020-04-10,"confirmed",521,37,38928000,20,61,521,37,15,NA,32,474,NA,13,0.4,NA,NA,"Asia","2020-04-10"
"3","Afghanistan",2020-04-10,"deaths",15,NA,38928000,26,10,521,37,15,NA,32,474,NA,13,0.4,NA,NA,"Asia","2020-04-10"
"4","Afghanistan",2020-04-10,"recovered",32,3,38928000,29,37,521,37,15,NA,32,474,NA,13,0.4,NA,NA,"Asia","2020-04-10"
"5","Albania",2020-04-10,"active",211,-3,2878000,33,17,416,7,23,NA,182,211,7,145,8,3385,1176,"Europe","2020-04-10"
"6","Albania",2020-04-10,"confirmed",416,7,2878000,41,20,416,7,23,NA,182,211,7,145,8,3385,1176,"Europe","2020-04-10"
"7","Albania",2020-04-10,"deaths",23,NA,2878000,11,19,416,7,23,NA,182,211,7,145,8,3385,1176,"Europe","2020-04-10"
"8","Albania",2020-04-10,"recovered",182,11,2878000,1,4,416,7,23,NA,182,211,7,145,8,3385,1176,"Europe","2020-04-10"
"9","Algeria",2020-04-10,"active",1100,-46,43851000,12,1,1761,95,256,21,405,1100,46,40,6,3359,77,"Africa","2020-04-10"
"10","Algeria",2020-04-10,"confirmed",1761,95,43851000,4,1,1761,95,256,21,405,1100,46,40,6,3359,77,"Africa","2020-04-10"
"11","Algeria",2020-04-10,"deaths",256,21,43851000,9,1,1761,95,256,21,405,1100,46,40,6,3359,77,"Africa","2020-04-10"
"12","Algeria",2020-04-10,"recovered",405,110,43851000,24,1,1761,95,256,21,405,1100,46,40,6,3359,77,"Africa","2020-04-10"
"13","Andorra",2020-04-10,"active",504,11,77000,11,1,601,18,26,1,71,504,17,7778,337,1673,21653,"Europe","2020-04-10"
"14","Andorra",2020-04-10,"confirmed",601,18,77000,20,1,601,18,26,1,71,504,17,7778,337,1673,21653,"Europe","2020-04-10"
"15","Andorra",2020-04-10,"deaths",26,1,77000,41,1,601,18,26,1,71,504,17,7778,337,1673,21653,"Europe","2020-04-10"
"16","Andorra",2020-04-10,"recovered",71,6,77000,18,1,601,18,26,1,71,504,17,7778,337,1673,21653,"Europe","2020-04-10"
"17","Angola",2020-04-10,"active",15,0,32866000,-11.2027,16,19,NA,2,NA,2,15,NA,0.6,0.06,NA,NA,"Africa","2020-04-10"
"18","Angola",2020-04-10,"confirmed",19,NA,32866000,-11.2027,3,19,NA,2,NA,2,15,NA,0.6,0.06,NA,NA,"Africa","2020-04-10"
"19","Angola",2020-04-10,"deaths",2,NA,32866000,-11.2027,3,19,NA,2,NA,2,15,NA,0.6,0.06,NA,NA,"Africa","2020-04-10"
"20","Angola",2020-04-10,"recovered",2,0,32866000,-11.2027,4,19,NA,2,NA,2,15,NA,0.6,0.06,NA,NA,"Africa","2020-04-10"
"21","Antigua and Barbuda",2020-04-10,"active",17,0,98000,15,-61.7964,19,NA,2,NA,NA,17,1,194,20,40,408,"North America","2020-04-10"
"22","Antigua and Barbuda",2020-04-10,"confirmed",19,NA,98000,7,-61.7964,19,NA,2,NA,NA,17,1,194,20,40,408,"North America","2020-04-10"
"23","Antigua and Barbuda",2020-04-10,"deaths",2,NA,98000,10,-61.7964,19,NA,2,NA,NA,17,1,194,20,40,408,"North America","2020-04-10"
"24","Antigua and Barbuda",2020-04-10,"recovered",NA,0,98000,9,-61.7964,19,NA,2,NA,NA,17,1,194,20,40,408,"North America","2020-04-10"
"25","Argentina",2020-04-10,"active",1438,64,45196000,-38.4161,-63.6167,1894,NA,81,2,375,1438,96,42,2,16379,362,"South America","2020-04-10"
"26","Argentina",2020-04-10,"confirmed",1894,NA,45196000,-38.4161,-63.6167,1894,NA,81,2,375,1438,96,42,2,16379,362,"South America","2020-04-10"
"27","Argentina",2020-04-10,"deaths",81,2,45196000,-38.4161,-63.6167,1894,NA,81,2,375,1438,96,42,2,16379,362,"South America","2020-04-10"
"28","Argentina",2020-04-10,"recovered",375,7,45196000,-38.4161,-63.6167,1894,NA,81,2,375,1438,96,42,2,16379,362,"South America","2020-04-10"
"29","Armenia",2020-04-10,"active",776,15,2963000,9,7,937,16,12,2,149,776,30,316,4,6081,2052,"Asia","2020-04-10"
"30","Armenia",2020-04-10,"confirmed",937,16,2963000,37,24,937,16,12,2,149,776,30,316,4,6081,2052,"Asia","2020-04-10"
"31","Armenia",2020-04-10,"deaths",12,2,2963000,40,14,937,16,12,2,149,776,30,316,4,6081,2052,"Asia","2020-04-10"
"32","Armenia",2020-04-10,"recovered",149,24,2963000,40,2,937,16,12,2,149,776,30,316,4,6081,2052,"Asia","2020-04-10"
"33","Australia",2020-04-10,"active",3009,-295,25500000,-28.0167,138.6007,6203,51,53,2,3141,3009,74,243,2,338346,13269,"Australia/Oceania","2020-04-10"
"34","Australia",2020-04-10,"confirmed",6203,51,25500000,-12.4634,145.9707,6203,51,53,2,3141,3009,74,243,2,338346,13269,"Australia/Oceania","2020-04-10"
"35","Australia",2020-04-10,"deaths",53,2,25500000,-28.0167,144.9631,6203,51,53,2,3141,3009,74,243,2,338346,13269,"Australia/Oceania","2020-04-10"
"36","Australia",2020-04-10,"recovered",3141,392,25500000,-37.8136,153.4,6203,51,53,2,3141,3009,74,243,2,338346,13269,"Australia/Oceania","2020-04-10"
"37","Austria",2020-04-10,"active",7166,-448,9006000,35,4,13549,305,319,24,6064,7166,261,1504,35,134743,14961,"Europe","2020-04-10"
"38","Austria",2020-04-10,"confirmed",13549,305,9006000,3,2,13549,305,319,24,6064,7166,261,1504,35,134743,14961,"Europe","2020-04-10"
"39","Austria",2020-04-10,"deaths",319,24,9006000,33,9,13549,305,319,24,6064,7166,261,1504,35,134743,14961,"Europe","2020-04-10"
"40","Austria",2020-04-10,"recovered",6064,728,9006000,12,8,13549,305,319,24,6064,7166,261,1504,35,134743,14961,"Europe","2020-04-10"
"41","Azerbaijan",2020-04-10,"active",822,65,10139000,36,46,991,65,10,1,159,822,27,98,1,61342,6050,"Asia","2020-04-10"
"42","Azerbaijan",2020-04-10,"confirmed",991,65,10139000,18,42,991,65,10,1,159,822,27,98,1,61342,6050,"Asia","2020-04-10"
"43","Azerbaijan",2020-04-10,"deaths",10,1,10139000,25,34,991,65,10,1,159,822,27,98,1,61342,6050,"Asia","2020-04-10"
"44","Azerbaijan",2020-04-10,"recovered",159,38,10139000,3,10,991,65,10,1,159,822,27,98,1,61342,6050,"Asia","2020-04-10"
"45","Bahamas",2020-04-10,"active",28,0,393000,5,-77.3963,41,NA,8,NA,5,28,1,104,20,NA,NA,"North America","2020-04-10"
"46","Bahamas",2020-04-10,"confirmed",41,NA,393000,21,-77.3963,41,NA,8,NA,5,28,1,104,20,NA,NA,"North America","2020-04-10"
"47","Bahamas",2020-04-10,"deaths",8,NA,393000,17,-77.3963,41,NA,8,NA,5,28,1,104,20,NA,NA,"North America","2020-04-10"
"48","Bahamas",2020-04-10,"recovered",5,0,393000,9,-77.3963,41,NA,8,NA,5,28,1,104,20,NA,NA,"North America","2020-04-10"
"49","Bahrain",2020-04-10,"active",377,22,1702000,15,5,913,26,6,1,530,377,3,537,4,57307,33679,"Asia","2020-04-10"
"50","Bahrain",2020-04-10,"confirmed",913,26,1702000,6,41,913,26,6,1,530,377,3,537,4,57307,33679,"Asia","2020-04-10"
"51","Bahrain",2020-04-10,"deaths",6,1,1702000,22,31,913,26,6,1,530,377,3,537,4,57307,33679,"Asia","2020-04-10"
"52","Bahrain",2020-04-10,"recovered",530,42,1702000,1,42,913,26,6,1,530,377,3,537,4,57307,33679,"Asia","2020-04-10"
"53","Bangladesh",2020-04-10,"active",364,111,164689000,3,23,424,94,27,6,33,364,1,3,0.2,7359,45,"Asia","2020-04-10"
"54","Bangladesh",2020-04-10,"confirmed",424,94,164689000,4,75,424,94,27,6,33,364,1,3,0.2,7359,45,"Asia","2020-04-10"
"55","Bangladesh",2020-04-10,"deaths",27,6,164689000,13,2,424,94,27,6,33,364,1,3,0.2,7359,45,"Asia","2020-04-10"
"56","Bangladesh",2020-04-10,"recovered",33,0,164689000,12,5,424,94,27,6,33,364,1,3,0.2,7359,45,"Asia","2020-04-10"
"57","Barbados",2020-04-10,"active",51,0,287000,4,-59.5432,66,NA,4,1,11,51,4,230,14,694,2415,"North America","2020-04-10"
"58","Barbados",2020-04-10,"confirmed",66,NA,287000,5,-59.5432,66,NA,4,1,11,51,4,230,14,694,2415,"North America","2020-04-10"
"59","Barbados",2020-04-10,"deaths",4,1,287000,1,-59.5432,66,NA,4,1,11,51,4,230,14,694,2415,"North America","2020-04-10"
"60","Barbados",2020-04-10,"recovered",11,3,287000,7,-59.5432,66,NA,4,1,11,51,4,230,14,694,2415,"North America","2020-04-10"
"61","Belarus",2020-04-10,"active",1793,355,9449000,24,17,1981,495,19,3,169,1793,72,210,2,53000,5609,"Europe","2020-04-10"
"62","Belarus",2020-04-10,"confirmed",1981,495,9449000,2,20,1981,495,19,3,169,1793,72,210,2,53000,5609,"Europe","2020-04-10"
"63","Belarus",2020-04-10,"deaths",19,3,9449000,7,8,1981,495,19,3,169,1793,72,210,2,53000,5609,"Europe","2020-04-10"
"64","Belarus",2020-04-10,"recovered",169,62,9449000,14,19,1981,495,19,3,169,1793,72,210,2,53000,5609,"Europe","2020-04-10"
"65","Belgium",2020-04-10,"active",18080,814,11590000,6,2,26667,1684,3019,496,5568,18080,1278,2301,260,84248,7269,"Europe","2020-04-10"
"66","Belgium",2020-04-10,"confirmed",26667,1684,11590000,50,2,26667,1684,3019,496,5568,18080,1278,2301,260,84248,7269,"Europe","2020-04-10"
"67","Belgium",2020-04-10,"deaths",3019,496,11590000,34,4,26667,1684,3019,496,5568,18080,1278,2301,260,84248,7269,"Europe","2020-04-10"
"68","Belgium",2020-04-10,"recovered",5568,483,11590000,17,2,26667,1684,3019,496,5568,18080,1278,2301,260,84248,7269,"Europe","2020-04-10"
"69","Belize",2020-04-10,"active",9,1,398000,6,-59.5432,10,1,1,NA,NA,9,1,25,3,364,915,"North America","2020-04-10"
"70","Belize",2020-04-10,"confirmed",10,1,398000,1,-59.5432,10,1,1,NA,NA,9,1,25,3,364,915,"North America","2020-04-10"
"71","Belize",2020-04-10,"deaths",1,NA,398000,5,-59.5432,10,1,1,NA,NA,9,1,25,3,364,915,"North America","2020-04-10"
"72","Belize",2020-04-10,"recovered",NA,0,398000,3,-59.5432,10,1,1,NA,NA,9,1,25,3,364,915,"North America","2020-04-10"
"73","Benin",2020-04-10,"active",29,0,12123000,9,2,35,9,1,NA,5,29,NA,3,0.08,NA,NA,"Africa","2020-04-10"
"74","Benin",2020-04-10,"confirmed",35,9,12123000,4,2,35,9,1,NA,5,29,NA,3,0.08,NA,NA,"Africa","2020-04-10"
"75","Benin",2020-04-10,"deaths",1,NA,12123000,9,1,35,9,1,NA,5,29,NA,3,0.08,NA,NA,"Africa","2020-04-10"
"76","Benin",2020-04-10,"recovered",5,0,12123000,9,1,35,9,1,NA,5,29,NA,3,0.08,NA,NA,"Africa","2020-04-10"
"77","Bhutan",2020-04-10,"active",3,0,772000,23,8,5,NA,NA,NA,2,3,NA,6,NA,1166,1511,"Asia","2020-04-10"
"78","Bhutan",2020-04-10,"confirmed",5,NA,772000,4,27,5,NA,NA,NA,2,3,NA,6,NA,1166,1511,"Asia","2020-04-10"
"79","Bhutan",2020-04-10,"deaths",NA,NA,772000,14,41,5,NA,NA,NA,2,3,NA,6,NA,1166,1511,"Asia","2020-04-10"
"80","Bhutan",2020-04-10,"recovered",2,0,772000,26,15,5,NA,NA,NA,2,3,NA,6,NA,1166,1511,"Asia","2020-04-10"
"81","Bolivia",2020-04-10,"active",247,51,331003000,-16.2902,-63.5887,268,4,19,1,2,247,3,23,2,591,51,"South America","2020-04-10"
"82","Bolivia",2020-04-10,"confirmed",268,4,331003000,-16.2902,-63.5887,268,4,19,1,2,247,3,23,2,591,51,"South America","2020-04-10"
"83","Bolivia",2020-04-10,"deaths",19,1,331003000,-16.2902,-63.5887,268,4,19,1,2,247,3,23,2,591,51,"South America","2020-04-10"
"84","Bolivia",2020-04-10,"recovered",2,0,331003000,-16.2902,-63.5887,268,4,19,1,2,247,3,23,2,591,51,"South America","2020-04-10"
"85","Bosnia and Herzegovina",2020-04-10,"active",721,31,3281000,14,14,886,28,36,1,129,721,4,270,11,6911,2106,"Europe","2020-04-10"
"86","Bosnia and Herzegovina",2020-04-10,"confirmed",886,28,3281000,17,5,886,28,36,1,129,721,4,270,11,6911,2106,"Europe","2020-04-10"
"87","Bosnia and Herzegovina",2020-04-10,"deaths",36,1,3281000,30,12,886,28,36,1,129,721,4,270,11,6911,2106,"Europe","2020-04-10"
"88","Bosnia and Herzegovina",2020-04-10,"recovered",129,22,3281000,16,16,886,28,36,1,129,721,4,270,11,6911,2106,"Europe","2020-04-10"
"89","Botswana",2020-04-10,"active",12,7,2352000,-22.3285,23,13,NA,1,NA,NA,12,NA,6,0.4,1154,491,"Africa","2020-04-10"
"90","Botswana",2020-04-10,"confirmed",13,NA,2352000,-22.3285,7,13,NA,1,NA,NA,12,NA,6,0.4,1154,491,"Africa","2020-04-10"
"91","Botswana",2020-04-10,"deaths",1,NA,2352000,-22.3285,16,13,NA,1,NA,NA,12,NA,6,0.4,1154,491,"Africa","2020-04-10"
"92","Botswana",2020-04-10,"recovered",NA,0,2352000,-22.3285,11,13,NA,1,NA,NA,12,NA,6,0.4,1154,491,"Africa","2020-04-10"
"93","Brazil",2020-04-10,"active",17250,1745,212559000,-14.235,-51.9253,18397,252,974,20,173,17250,296,87,5,62985,296,"South America","2020-04-10"
"94","Brazil",2020-04-10,"confirmed",18397,252,212559000,-14.235,-51.9253,18397,252,974,20,173,17250,296,87,5,62985,296,"South America","2020-04-10"
"95","Brazil",2020-04-10,"deaths",974,20,212559000,-14.235,-51.9253,18397,252,974,20,173,17250,296,87,5,62985,296,"South America","2020-04-10"
"96","Brazil",2020-04-10,"recovered",173,46,212559000,-14.235,-51.9253,18397,252,974,20,173,17250,296,87,5,62985,296,"South America","2020-04-10"
"97","Brunei",2020-04-10,"active",36,-1,97339000,1,93,136,1,1,NA,99,36,3,311,2,9342,21354,"Asia","2020-04-10"
"98","Brunei",2020-04-10,"confirmed",136,1,97339000,2,86,136,1,1,NA,99,36,3,311,2,9342,21354,"Asia","2020-04-10"
"99","Brunei",2020-04-10,"deaths",1,NA,97339000,1,97,136,1,1,NA,99,36,3,311,2,9342,21354,"Asia","2020-04-10"
"100","Brunei",2020-04-10,"recovered",99,1,97339000,4,30,136,1,1,NA,99,36,3,311,2,9342,21354,"Asia","2020-04-10"
"101","Bulgaria",2020-04-10,"active",556,19,6948000,41,20,635,17,25,1,54,556,33,91,4,18502,2663,"Europe","2020-04-10"
"102","Bulgaria",2020-04-10,"confirmed",635,17,6948000,28,1,635,17,25,1,54,556,33,91,4,18502,2663,"Europe","2020-04-10"
"103","Bulgaria",2020-04-10,"deaths",25,1,6948000,23,1,635,17,25,1,54,556,33,91,4,18502,2663,"Europe","2020-04-10"
"104","Bulgaria",2020-04-10,"recovered",54,6,6948000,42,16,635,17,25,1,54,556,33,91,4,18502,2663,"Europe","2020-04-10"
"105","Burkina Faso",2020-04-10,"active",273,16,20903000,6,-1.5616,443,NA,24,NA,146,273,NA,21,1,NA,NA,"Africa","2020-04-10"
"106","Burkina Faso",2020-04-10,"confirmed",443,NA,20903000,3,-1.5616,443,NA,24,NA,146,273,NA,21,1,NA,NA,"Africa","2020-04-10"
"107","Burkina Faso",2020-04-10,"deaths",24,NA,20903000,12,-1.5616,443,NA,24,NA,146,273,NA,21,1,NA,NA,"Africa","2020-04-10"
"108","Burkina Faso",2020-04-10,"recovered",146,12,20903000,12,-1.5616,443,NA,24,NA,146,273,NA,21,1,NA,NA,"Africa","2020-04-10"
"109","Burma",2020-04-10,"active",22,-1,145934000,13,57,27,4,3,NA,2,22,NA,0.5,0.06,1406,26,"Asia","2020-04-10"
"110","Burma",2020-04-10,"confirmed",27,4,145934000,9,13,27,4,3,NA,2,22,NA,0.5,0.06,1406,26,"Asia","2020-04-10"
"111","Burma",2020-04-10,"deaths",3,NA,145934000,8,69,27,4,3,NA,2,22,NA,0.5,0.06,1406,26,"Asia","2020-04-10"
"112","Burma",2020-04-10,"recovered",2,2,145934000,8,49,27,4,3,NA,2,22,NA,0.5,0.06,1406,26,"Asia","2020-04-10"
"113","Burundi",2020-04-10,"active",3,0,11891000,-3.3731,28,3,NA,NA,NA,NA,3,NA,0.3,NA,NA,NA,"Africa","2020-04-10"
"114","Burundi",2020-04-10,"confirmed",3,NA,11891000,-3.3731,15,3,NA,NA,NA,NA,3,NA,0.3,NA,NA,NA,"Africa","2020-04-10"
"115","Burundi",2020-04-10,"deaths",NA,NA,11891000,-3.3731,13,3,NA,NA,NA,NA,3,NA,0.3,NA,NA,NA,"Africa","2020-04-10"
"116","Burundi",2020-04-10,"recovered",NA,0,11891000,-3.3731,22,3,NA,NA,NA,NA,3,NA,0.3,NA,NA,NA,"Africa","2020-04-10"
"117","Cabo Verde",2020-04-10,"active",5,0,556000,9,-23.0418,7,NA,1,NA,1,5,NA,13,2,NA,NA,"Africa","2020-04-10"
"118","Cabo Verde",2020-04-10,"confirmed",7,NA,556000,6,-23.0418,7,NA,1,NA,1,5,NA,13,2,NA,NA,"Africa","2020-04-10"
"119","Cabo Verde",2020-04-10,"deaths",1,NA,556000,10,-23.0418,7,NA,1,NA,1,5,NA,13,2,NA,NA,"Africa","2020-04-10"
"120","Cabo Verde",2020-04-10,"recovered",1,0,556000,14,-23.0418,7,NA,1,NA,1,5,NA,13,2,NA,NA,"Africa","2020-04-10"
"121","Cambodia",2020-04-10,"active",47,3,16719000,7,36,119,NA,NA,NA,72,47,1,7,NA,5768,345,"Asia","2020-04-10"
"122","Cambodia",2020-04-10,"confirmed",119,NA,16719000,9,46,119,NA,NA,NA,72,47,1,7,NA,5768,345,"Asia","2020-04-10"
"123","Cambodia",2020-04-10,"deaths",NA,NA,16719000,4,79,119,NA,NA,NA,72,47,1,7,NA,5768,345,"Asia","2020-04-10"
"124","Cambodia",2020-04-10,"recovered",72,-1,16719000,9,44,119,NA,NA,NA,72,47,1,7,NA,5768,345,"Asia","2020-04-10"
"125","Cameroon",2020-04-10,"active",730,0,26546000,3,11,803,NA,12,NA,61,730,NA,30,0.5,NA,NA,"Africa","2020-04-10"
"126","Cameroon",2020-04-10,"confirmed",803,NA,26546000,3,10,803,NA,12,NA,61,730,NA,30,0.5,NA,NA,"Africa","2020-04-10"
"127","Cameroon",2020-04-10,"deaths",12,NA,26546000,2,7,803,NA,12,NA,61,730,NA,30,0.5,NA,NA,"Africa","2020-04-10"
"128","Cameroon",2020-04-10,"recovered",61,0,26546000,3,11,803,NA,12,NA,61,730,NA,30,0.5,NA,NA,"Africa","2020-04-10"
"129","Canada",2020-04-10,"active",15132,409,37742000,46.5107,-116.5765,21243,478,531,22,5580,15132,518,563,14,370315,9812,"North America","2020-04-10"
"130","Canada",2020-04-10,"confirmed",21243,478,37742000,64.8255,-63.4168,21243,478,531,22,5580,15132,518,563,14,370315,9812,"North America","2020-04-10"
"131","Canada",2020-04-10,"deaths",531,22,37742000,64.8255,0,21243,478,531,22,5580,15132,518,563,14,370315,9812,"North America","2020-04-10"
"132","Canada",2020-04-10,"recovered",5580,1008,37742000,52.9399,-122.6655,21243,478,531,22,5580,15132,518,563,14,370315,9812,"North America","2020-04-10"
"133","Central African Republic",2020-04-10,"active",8,0,4830000,6,11,8,NA,NA,NA,NA,8,NA,2,NA,NA,NA,"Africa","2020-04-10"
"134","Central African Republic",2020-04-10,"confirmed",8,NA,4830000,4,2,8,NA,NA,NA,NA,8,NA,2,NA,NA,NA,"Africa","2020-04-10"
"135","Central African Republic",2020-04-10,"deaths",NA,NA,4830000,2,13,8,NA,NA,NA,NA,8,NA,2,NA,NA,NA,"Africa","2020-04-10"
"136","Central African Republic",2020-04-10,"recovered",NA,0,4830000,1,4,8,NA,NA,NA,NA,8,NA,2,NA,NA,NA,"Africa","2020-04-10"
"137","Chad",2020-04-10,"active",9,1,16426000,5,2,11,NA,NA,NA,2,9,NA,0.7,NA,NA,NA,"Africa","2020-04-10"
"138","Chad",2020-04-10,"confirmed",11,NA,16426000,7,14,11,NA,NA,NA,2,9,NA,0.7,NA,NA,NA,"Africa","2020-04-10"
"139","Chad",2020-04-10,"deaths",NA,NA,16426000,2,12,11,NA,NA,NA,2,9,NA,0.7,NA,NA,NA,"Africa","2020-04-10"
"140","Chad",2020-04-10,"recovered",2,0,16426000,4,4,11,NA,NA,NA,2,9,NA,0.7,NA,NA,NA,"Africa","2020-04-10"
"141","Chile",2020-04-10,"active",4865,258,19116000,-35.6751,-71.543,6501,529,65,8,1571,4865,360,340,3,72797,3808,"South America","2020-04-10"
"142","Chile",2020-04-10,"confirmed",6501,529,19116000,-35.6751,-71.543,6501,529,65,8,1571,4865,360,340,3,72797,3808,"South America","2020-04-10"
"143","Chile",2020-04-10,"deaths",65,8,19116000,-35.6751,-71.543,6501,529,65,8,1571,4865,360,340,3,72797,3808,"South America","2020-04-10"
"144","Chile",2020-04-10,"recovered",1571,159,19116000,-35.6751,-71.543,6501,529,65,8,1571,4865,360,340,3,72797,3808,"South America","2020-04-10"
"145","China",2020-04-10,"active",1116,-40,1471287000,41.2956,113.9448,81907,42,3336,1,77455,1116,144,57,2,NA,NA,"Asia","2020-04-10"
"146","China",2020-04-10,"confirmed",81907,42,1471287000,44.0935,112.2707,81907,42,3336,1,77455,1116,144,57,2,NA,NA,"Asia","2020-04-10"
"147","China",2020-04-10,"deaths",3336,1,1471287000,37.5777,113.55,81907,42,3336,1,77455,1116,144,57,2,NA,NA,"Asia","2020-04-10"
"148","China",2020-04-10,"recovered",77455,112,1471287000,44.0935,120.0934,81907,42,3336,1,77455,1116,144,57,2,NA,NA,"Asia","2020-04-10"
"149","Colombia",2020-04-10,"active",1980,103,50883000,1,-74.2973,2223,NA,69,NA,174,1980,85,44,1,34910,686,"South America","2020-04-10"
"150","Colombia",2020-04-10,"confirmed",2223,NA,50883000,4,-74.2973,2223,NA,69,NA,174,1980,85,44,1,34910,686,"South America","2020-04-10"
"151","Colombia",2020-04-10,"deaths",69,NA,50883000,2,-74.2973,2223,NA,69,NA,174,1980,85,44,1,34910,686,"South America","2020-04-10"
"152","Colombia",2020-04-10,"recovered",174,51,50883000,1,-74.2973,2223,NA,69,NA,174,1980,85,44,1,34910,686,"South America","2020-04-10"
"153","Congo (Brazzaville)",2020-04-10,"active",NA,12,83993000,-4.0383,6,NA,NA,NA,NA,NA,NA,NA,NA,NA,NA,NA,NA,NA
"154","Congo (Brazzaville)",2020-04-10,"confirmed",NA,NA,83993000,-4.0383,16,NA,NA,NA,NA,NA,NA,NA,NA,NA,NA,NA,NA,NA
"155","Congo (Brazzaville)",2020-04-10,"deaths",NA,NA,83993000,-4.0383,20,NA,NA,NA,NA,NA,NA,NA,NA,NA,NA,NA,NA,NA
"156","Congo (Brazzaville)",2020-04-10,"recovered",NA,3,83993000,-4.0383,17,NA,NA,NA,NA,NA,NA,NA,NA,NA,NA,NA,NA,NA
"157","Congo (Kinshasa)",2020-04-10,"active",NA,0,89561000,-4.0383,12,NA,NA,NA,NA,NA,NA,NA,NA,NA,NA,NA,NA,NA
"158","Congo (Kinshasa)",2020-04-10,"confirmed",NA,NA,89561000,-4.0383,10,NA,NA,NA,NA,NA,NA,NA,NA,NA,NA,NA,NA,NA
"159","Congo (Kinshasa)",2020-04-10,"deaths",NA,NA,89561000,-4.0383,11,NA,NA,NA,NA,NA,NA,NA,NA,NA,NA,NA,NA,NA
"160","Congo (Kinshasa)",2020-04-10,"recovered",NA,0,89561000,-4.0383,10,NA,NA,NA,NA,NA,NA,NA,NA,NA,NA,NA,NA,NA
"161","Costa Rica",2020-04-10,"active",506,36,5094000,4,-83.7534,539,NA,3,NA,30,506,13,106,0.6,6298,1236,"North America","2020-04-10"
"162","Costa Rica",2020-04-10,"confirmed",539,NA,5094000,3,-83.7534,539,NA,3,NA,30,506,13,106,0.6,6298,1236,"North America","2020-04-10"
"163","Costa Rica",2020-04-10,"deaths",3,NA,5094000,6,-83.7534,539,NA,3,NA,30,506,13,106,0.6,6298,1236,"North America","2020-04-10"
"164","Costa Rica",2020-04-10,"recovered",30,1,5094000,1,-83.7534,539,NA,3,NA,30,506,13,106,0.6,6298,1236,"North America","2020-04-10"
"165","Cote d'Ivoire",2020-04-10,"active",389,56,54410000,4,-5.5471,444,NA,3,NA,52,389,NA,17,0.1,NA,NA,"Africa","2020-04-10"
"166","Cote d'Ivoire",2020-04-10,"confirmed",444,NA,54410000,6,-5.5471,444,NA,3,NA,52,389,NA,17,0.1,NA,NA,"Africa","2020-04-10"
"167","Cote d'Ivoire",2020-04-10,"deaths",3,NA,54410000,2,-5.5471,444,NA,3,NA,52,389,NA,17,0.1,NA,NA,"Africa","2020-04-10"
"168","Cote d'Ivoire",2020-04-10,"recovered",52,4,54410000,4,-5.5471,444,NA,3,NA,52,389,NA,17,0.1,NA,NA,"Africa","2020-04-10"
"169","Croatia",2020-04-10,"active",1243,23,4105000,7,15,1495,88,21,1,231,1243,34,364,5,14612,3559,"Europe","2020-04-10"
"170","Croatia",2020-04-10,"confirmed",1495,88,4105000,38,7,1495,88,21,1,231,1243,34,364,5,14612,3559,"Europe","2020-04-10"
"171","Croatia",2020-04-10,"deaths",21,1,4105000,33,4,1495,88,21,1,231,1243,34,364,5,14612,3559,"Europe","2020-04-10"
"172","Croatia",2020-04-10,"recovered",231,40,4105000,37,1,1495,88,21,1,231,1243,34,364,5,14612,3559,"Europe","2020-04-10"
"173","Cuba",2020-04-10,"active",498,54,11327000,7,-80,564,49,15,NA,51,498,11,50,1,12023,1061,"North America","2020-04-10"
"174","Cuba",2020-04-10,"confirmed",564,49,11327000,3,-80,564,49,15,NA,51,498,11,50,1,12023,1061,"North America","2020-04-10"
"175","Cuba",2020-04-10,"deaths",15,NA,11327000,12,-80,564,49,15,NA,51,498,11,50,1,12023,1061,"North America","2020-04-10"
"176","Cuba",2020-04-10,"recovered",51,1,11327000,5,-80,564,49,15,NA,51,498,11,50,1,12023,1061,"North America","2020-04-10"
"177","Cyprus",2020-04-10,"active",527,36,1207000,5,17,595,31,10,NA,58,527,11,493,8,16308,13507,"Asia","2020-04-10"
"178","Cyprus",2020-04-10,"confirmed",595,31,1207000,10,18,595,31,10,NA,58,527,11,493,8,16308,13507,"Asia","2020-04-10"
"179","Cyprus",2020-04-10,"deaths",10,NA,1207000,11,11,595,31,10,NA,58,527,11,493,8,16308,13507,"Asia","2020-04-10"
"180","Cyprus",2020-04-10,"recovered",58,1,1207000,3,27,595,31,10,NA,58,527,11,493,8,16308,13507,"Asia","2020-04-10"
"181","Czechia",2020-04-10,"active",5209,176,10709000,36,8,5674,105,119,7,346,5209,98,530,11,114854,10725,"Europe","2020-04-10"
"182","Czechia",2020-04-10,"confirmed",5674,105,10709000,6,10,5674,105,119,7,346,5209,98,530,11,114854,10725,"Europe","2020-04-10"
"183","Czechia",2020-04-10,"deaths",119,7,10709000,36,7,5674,105,119,7,346,5209,98,530,11,114854,10725,"Europe","2020-04-10"
"184","Czechia",2020-04-10,"recovered",346,68,10709000,36,11,5674,105,119,7,346,5209,98,530,11,114854,10725,"Europe","2020-04-10"
"185","Denmark",2020-04-10,"active",3799,94,5792000,56.2639,-6.9118,5819,184,247,10,1773,3799,113,1005,43,64731,11176,"Europe","2020-04-10"
"186","Denmark",2020-04-10,"confirmed",5819,184,5792000,61.8926,-42.6043,5819,184,247,10,1773,3799,113,1005,43,64731,11176,"Europe","2020-04-10"
"187","Denmark",2020-04-10,"deaths",247,10,5792000,56.2639,-6.9118,5819,184,247,10,1773,3799,113,1005,43,64731,11176,"Europe","2020-04-10"
"188","Denmark",2020-04-10,"recovered",1773,120,5792000,71.7069,-42.6043,5819,184,247,10,1773,3799,113,1005,43,64731,11176,"Europe","2020-04-10"
"189","Diamond Princess",2020-04-10,"active",82,0,2600,0,0,712,NA,11,NA,619,82,10,NA,NA,NA,NA,"","2020-04-10"
"190","Diamond Princess",2020-04-10,"confirmed",712,NA,2600,0,0,712,NA,11,NA,619,82,10,NA,NA,NA,NA,"","2020-04-10"
"191","Diamond Princess",2020-04-10,"deaths",11,NA,2600,0,0,712,NA,11,NA,619,82,10,NA,NA,NA,NA,"","2020-04-10"
"192","Diamond Princess",2020-04-10,"recovered",619,0,2600,0,0,712,NA,11,NA,619,82,10,NA,NA,NA,NA,"","2020-04-10"
"193","Djibouti",2020-04-10,"active",113,0,988000,9,20,150,10,1,NA,36,113,NA,152,1,3740,3785,"Africa","2020-04-10"
"194","Djibouti",2020-04-10,"confirmed",150,10,988000,9,10,150,10,1,NA,36,113,NA,152,1,3740,3785,"Africa","2020-04-10"
"195","Djibouti",2020-04-10,"deaths",1,NA,988000,6,9,150,10,1,NA,36,113,NA,152,1,3740,3785,"Africa","2020-04-10"
"196","Djibouti",2020-04-10,"recovered",36,0,988000,3,32,150,10,1,NA,36,113,NA,152,1,3740,3785,"Africa","2020-04-10"
"197","Dominica",2020-04-10,"active",11,0,72000,4,-61.371,16,1,NA,NA,5,11,NA,222,NA,309,4293,"North America","2020-04-10"
"198","Dominica",2020-04-10,"confirmed",16,1,72000,14,-61.371,16,1,NA,NA,5,11,NA,222,NA,309,4293,"North America","2020-04-10"
"199","Dominica",2020-04-10,"deaths",NA,NA,72000,15,-61.371,16,1,NA,NA,5,11,NA,222,NA,309,4293,"North America","2020-04-10"
"200","Dominica",2020-04-10,"recovered",5,0,72000,4,-61.371,16,1,NA,NA,5,11,NA,222,NA,309,4293,"North America","2020-04-10"
"201","Dominican Republic",2020-04-10,"active",2396,198,10848000,13,-70.1627,2620,271,126,8,98,2396,147,242,12,7936,732,"North America","2020-04-10"
"202","Dominican Republic",2020-04-10,"confirmed",2620,271,10848000,13,-70.1627,2620,271,126,8,98,2396,147,242,12,7936,732,"North America","2020-04-10"
"203","Dominican Republic",2020-04-10,"deaths",126,8,10848000,17,-70.1627,2620,271,126,8,98,2396,147,242,12,7936,732,"North America","2020-04-10"
"204","Dominican Republic",2020-04-10,"recovered",98,30,10848000,16,-70.1627,2620,271,126,8,98,2396,147,242,12,7936,732,"North America","2020-04-10"
"205","Ecuador",2020-04-10,"active",6496,286,17643000,-1.8312,-78.1834,7161,2196,297,25,368,6496,171,406,17,21568,1222,"South America","2020-04-10"
"206","Ecuador",2020-04-10,"confirmed",7161,2196,17643000,-1.8312,-78.1834,7161,2196,297,25,368,6496,171,406,17,21568,1222,"South America","2020-04-10"
"207","Ecuador",2020-04-10,"deaths",297,25,17643000,-1.8312,-78.1834,7161,2196,297,25,368,6496,171,406,17,21568,1222,"South America","2020-04-10"
"208","Ecuador",2020-04-10,"recovered",368,199,17643000,-1.8312,-78.1834,7161,2196,297,25,368,6496,171,406,17,21568,1222,"South America","2020-04-10"
"209","Egypt",2020-04-10,"active",1233,81,102334000,11,28,1699,NA,118,NA,348,1233,NA,17,1,25000,244,"Africa","2020-04-10"
"210","Egypt",2020-04-10,"confirmed",1699,NA,102334000,20,17,1699,NA,118,NA,348,1233,NA,17,1,25000,244,"Africa","2020-04-10"
"211","Egypt",2020-04-10,"deaths",118,NA,102334000,7,22,1699,NA,118,NA,348,1233,NA,17,1,25000,244,"Africa","2020-04-10"
"212","Egypt",2020-04-10,"recovered",348,43,102334000,6,10,1699,NA,118,NA,348,1233,NA,17,1,25000,244,"Africa","2020-04-10"
"213","El Salvador",2020-04-10,"active",96,4,6486000,6,-88.8965,117,14,6,NA,15,96,4,18,0.9,NA,NA,"North America","2020-04-10"
"214","El Salvador",2020-04-10,"confirmed",117,14,6486000,7,-88.8965,117,14,6,NA,15,96,4,18,0.9,NA,NA,"North America","2020-04-10"
"215","El Salvador",2020-04-10,"deaths",6,NA,6486000,10,-88.8965,117,14,6,NA,15,96,4,18,0.9,NA,NA,"North America","2020-04-10"
"216","El Salvador",2020-04-10,"recovered",15,5,6486000,5,-88.8965,117,14,6,NA,15,96,4,18,0.9,NA,NA,"North America","2020-04-10"
"217","Equatorial Guinea",2020-04-10,"active",15,0,1403000,1,9,18,NA,NA,NA,3,15,NA,13,NA,854,609,"Africa","2020-04-10"
"218","Equatorial Guinea",2020-04-10,"confirmed",18,NA,1403000,1,2,18,NA,NA,NA,3,15,NA,13,NA,854,609,"Africa","2020-04-10"
"219","Equatorial Guinea",2020-04-10,"deaths",NA,NA,1403000,1,8,18,NA,NA,NA,3,15,NA,13,NA,854,609,"Africa","2020-04-10"
"220","Equatorial Guinea",2020-04-10,"recovered",3,0,1403000,1,9,18,NA,NA,NA,3,15,NA,13,NA,854,609,"Africa","2020-04-10"
"221","Eritrea",2020-04-10,"active",33,0,3546000,6,36,33,NA,NA,NA,NA,33,NA,9,NA,NA,NA,"Africa","2020-04-10"
"222","Eritrea",2020-04-10,"confirmed",33,NA,3546000,2,16,33,NA,NA,NA,NA,33,NA,9,NA,NA,NA,"Africa","2020-04-10"
"223","Eritrea",2020-04-10,"deaths",NA,NA,3546000,3,24,33,NA,NA,NA,NA,33,NA,9,NA,NA,NA,"Africa","2020-04-10"
"224","Eritrea",2020-04-10,"recovered",NA,0,3546000,11,16,33,NA,NA,NA,NA,33,NA,9,NA,NA,NA,"Africa","2020-04-10"
"225","Estonia",2020-04-10,"active",1141,11,1327000,22,24,1258,51,24,NA,93,1141,9,948,18,27883,21019,"Europe","2020-04-10"
"226","Estonia",2020-04-10,"confirmed",1258,51,1327000,2,17,1258,51,24,NA,93,1141,9,948,18,27883,21019,"Europe","2020-04-10"
"227","Estonia",2020-04-10,"deaths",24,NA,1327000,55,3,1258,51,24,NA,93,1141,9,948,18,27883,21019,"Europe","2020-04-10"
"228","Estonia",2020-04-10,"recovered",93,11,1327000,10,23,1258,51,24,NA,93,1141,9,948,18,27883,21019,"Europe","2020-04-10"
"229","Eswatini",2020-04-10,"active",5,0,1160000,-26.5225,10,12,NA,NA,NA,7,5,NA,10,NA,NA,NA,"Africa","2020-04-10"
"230","Eswatini",2020-04-10,"confirmed",12,NA,1160000,-26.5225,25,12,NA,NA,NA,7,5,NA,10,NA,NA,NA,"Africa","2020-04-10"
"231","Eswatini",2020-04-10,"deaths",NA,NA,1160000,-26.5225,18,12,NA,NA,NA,7,5,NA,10,NA,NA,NA,"Africa","2020-04-10"
"232","Eswatini",2020-04-10,"recovered",7,0,1160000,-26.5225,31,12,NA,NA,NA,7,5,NA,10,NA,NA,NA,"Africa","2020-04-10"
"233","Ethiopia",2020-04-10,"active",58,1,114964000,5,7,65,9,3,1,4,58,1,0.6,0.03,3232,28,"Africa","2020-04-10"
"234","Ethiopia",2020-04-10,"confirmed",65,9,114964000,8,30,65,9,3,1,4,58,1,0.6,0.03,3232,28,"Africa","2020-04-10"
"235","Ethiopia",2020-04-10,"deaths",3,1,114964000,9,16,65,9,3,1,4,58,1,0.6,0.03,3232,28,"Africa","2020-04-10"
"236","Ethiopia",2020-04-10,"recovered",4,0,114964000,9,23,65,9,3,1,4,58,1,0.6,0.03,3232,28,"Africa","2020-04-10"
"237","Fiji",2020-04-10,"active",16,0,896000,-17.7134,82,16,1,NA,NA,NA,16,NA,18,NA,NA,NA,"Australia/Oceania","2020-04-10"
"238","Fiji",2020-04-10,"confirmed",16,1,896000,-17.7134,56,16,1,NA,NA,NA,16,NA,18,NA,NA,NA,"Australia/Oceania","2020-04-10"
"239","Fiji",2020-04-10,"deaths",NA,NA,896000,-17.7134,53,16,1,NA,NA,NA,16,NA,18,NA,NA,NA,"Australia/Oceania","2020-04-10"
"240","Fiji",2020-04-10,"recovered",NA,0,896000,-17.7134,65,16,1,NA,NA,NA,16,NA,18,NA,NA,NA,"Australia/Oceania","2020-04-10"
"241","Finland",2020-04-10,"active",2421,116,5541000,25,4,2769,164,48,6,300,2421,82,500,9,41200,7436,"Europe","2020-04-10"
"242","Finland",2020-04-10,"confirmed",2769,164,5541000,56,11,2769,164,48,6,300,2421,82,500,9,41200,7436,"Europe","2020-04-10"
"243","Finland",2020-04-10,"deaths",48,6,5541000,43,18,2769,164,48,6,300,2421,82,500,9,41200,7436,"Europe","2020-04-10"
"244","Finland",2020-04-10,"recovered",300,0,5541000,21,11,2769,164,48,6,300,2421,82,500,9,41200,7436,"Europe","2020-04-10"
"245","France",2020-04-10,"active",82333,1520,65274000,16.25,149.4068,117749,NA,12210,NA,23206,82333,7066,1804,187,333807,5114,"Europe","2020-04-10"
"246","France",2020-04-10,"confirmed",117749,NA,65274000,-12.8275,2.2137,117749,NA,12210,NA,23206,82333,7066,1804,187,333807,5114,"Europe","2020-04-10"
"247","France",2020-04-10,"deaths",12210,NA,65274000,-17.6797,-63.0501,117749,NA,12210,NA,23206,82333,7066,1804,187,333807,5114,"Europe","2020-04-10"
"248","France",2020-04-10,"recovered",23206,1961,65274000,18.0708,-62.8333,117749,NA,12210,NA,23206,82333,7066,1804,187,333807,5114,"Europe","2020-04-10"
"249","Gabon",2020-04-10,"active",42,10,2226000,-0.8037,8,44,NA,1,NA,1,42,NA,20,0.4,NA,NA,"Africa","2020-04-10"
"250","Gabon",2020-04-10,"confirmed",44,NA,2226000,-0.8037,10,44,NA,1,NA,1,42,NA,20,0.4,NA,NA,"Africa","2020-04-10"
"251","Gabon",2020-04-10,"deaths",1,NA,2226000,-0.8037,7,44,NA,1,NA,1,42,NA,20,0.4,NA,NA,"Africa","2020-04-10"
"252","Gabon",2020-04-10,"recovered",1,0,2226000,-0.8037,9,44,NA,1,NA,1,42,NA,20,0.4,NA,NA,"Africa","2020-04-10"
"253","Gambia",2020-04-10,"active",1,0,2417000,8,-15.3101,4,NA,1,NA,2,1,NA,2,0.4,NA,NA,"Africa","2020-04-10"
"254","Gambia",2020-04-10,"confirmed",4,NA,2417000,8,-15.3101,4,NA,1,NA,2,1,NA,2,0.4,NA,NA,"Africa","2020-04-10"
"255","Gambia",2020-04-10,"deaths",1,NA,2417000,9,-15.3101,4,NA,1,NA,2,1,NA,2,0.4,NA,NA,"Africa","2020-04-10"
"256","Gambia",2020-04-10,"recovered",2,0,2417000,6,-15.3101,4,NA,1,NA,2,1,NA,2,0.4,NA,NA,"Africa","2020-04-10"
"257","Georgia",2020-04-10,"active",177,6,3989000,16,20,234,16,3,NA,54,177,6,59,0.8,3271,820,"Asia","2020-04-10"
"258","Georgia",2020-04-10,"confirmed",234,16,3989000,14,16,234,16,3,NA,54,177,6,59,0.8,3271,820,"Asia","2020-04-10"
"259","Georgia",2020-04-10,"deaths",3,NA,3989000,25,8,234,16,3,NA,54,177,6,59,0.8,3271,820,"Asia","2020-04-10"
"260","Georgia",2020-04-10,"recovered",54,1,3989000,39,26,234,16,3,NA,54,177,6,59,0.8,3271,820,"Asia","2020-04-10"
"261","Germany",2020-04-10,"active",64610,-1480,83784000,18,3,119624,1389,2607,NA,52407,64610,4895,1428,31,1317887,15730,"Europe","2020-04-10"
"262","Germany",2020-04-10,"confirmed",119624,1389,83784000,6,2,119624,1389,2607,NA,52407,64610,4895,1428,31,1317887,15730,"Europe","2020-04-10"
"263","Germany",2020-04-10,"deaths",2607,NA,83784000,40,7,119624,1389,2607,NA,52407,64610,4895,1428,31,1317887,15730,"Europe","2020-04-10"
"264","Germany",2020-04-10,"recovered",52407,6107,83784000,22,5,119624,1389,2607,NA,52407,64610,4895,1428,31,1317887,15730,"Europe","2020-04-10"
"265","Ghana",2020-04-10,"active",368,96,31073000,2,-1.0232,378,NA,6,NA,4,368,2,12,0.2,12046,388,"Africa","2020-04-10"
"266","Ghana",2020-04-10,"confirmed",378,NA,31073000,7,-1.0232,378,NA,6,NA,4,368,2,12,0.2,12046,388,"Africa","2020-04-10"
"267","Ghana",2020-04-10,"deaths",6,NA,31073000,3,-1.0232,378,NA,6,NA,4,368,2,12,0.2,12046,388,"Africa","2020-04-10"
"268","Ghana",2020-04-10,"recovered",4,-31,31073000,1,-1.0232,378,NA,6,NA,4,368,2,12,0.2,12046,388,"Africa","2020-04-10"
"269","Greece",2020-04-10,"active",1651,67,10423000,35,17,2011,56,91,4,269,1651,77,193,9,35532,3409,"Europe","2020-04-10"
"270","Greece",2020-04-10,"confirmed",2011,56,10423000,10,12,2011,56,91,4,269,1651,77,193,9,35532,3409,"Europe","2020-04-10"
"271","Greece",2020-04-10,"deaths",91,4,10423000,8,18,2011,56,91,4,269,1651,77,193,9,35532,3409,"Europe","2020-04-10"
"272","Greece",2020-04-10,"recovered",269,0,10423000,31,15,2011,56,91,4,269,1651,77,193,9,35532,3409,"Europe","2020-04-10"
"273","Grenada",2020-04-10,"active",12,0,113000,3,-61.679,12,NA,NA,NA,NA,12,2,107,NA,45,400,"North America","2020-04-10"
"274","Grenada",2020-04-10,"confirmed",12,NA,113000,12,-61.679,12,NA,NA,NA,NA,12,2,107,NA,45,400,"North America","2020-04-10"
"275","Grenada",2020-04-10,"deaths",NA,NA,113000,10,-61.679,12,NA,NA,NA,NA,12,2,107,NA,45,400,"North America","2020-04-10"
"276","Grenada",2020-04-10,"recovered",NA,0,113000,6,-61.679,12,NA,NA,NA,NA,12,2,107,NA,45,400,"North America","2020-04-10"
"277","Guatemala",2020-04-10,"active",106,8,17916000,15,-90.2308,126,31,3,NA,17,106,3,7,0.2,1134,63,"North America","2020-04-10"
"278","Guatemala",2020-04-10,"confirmed",126,31,17916000,8,-90.2308,126,31,3,NA,17,106,3,7,0.2,1134,63,"North America","2020-04-10"
"279","Guatemala",2020-04-10,"deaths",3,NA,17916000,7,-90.2308,126,31,3,NA,17,106,3,7,0.2,1134,63,"North America","2020-04-10"
"280","Guatemala",2020-04-10,"recovered",17,0,17916000,3,-90.2308,126,31,3,NA,17,106,3,7,0.2,1134,63,"North America","2020-04-10"
"281","Guinea",2020-04-10,"active",183,24,13133000,2,-9.6966,194,NA,NA,NA,11,183,NA,15,NA,NA,NA,"Africa","2020-04-10"
"282","Guinea",2020-04-10,"confirmed",194,NA,13133000,8,-9.6966,194,NA,NA,NA,11,183,NA,15,NA,NA,NA,"Africa","2020-04-10"
"283","Guinea",2020-04-10,"deaths",NA,NA,13133000,3,-9.6966,194,NA,NA,NA,11,183,NA,15,NA,NA,NA,"Africa","2020-04-10"
"284","Guinea",2020-04-10,"recovered",11,6,13133000,1,-9.6966,194,NA,NA,NA,11,183,NA,15,NA,NA,NA,"Africa","2020-04-10"
"285","Guinea-Bissau",2020-04-10,"active",36,3,1968000,9,-15.1804,36,NA,NA,NA,NA,36,NA,18,NA,1500,762,"Africa","2020-04-10"
"286","Guinea-Bissau",2020-04-10,"confirmed",36,NA,1968000,10,-15.1804,36,NA,NA,NA,NA,36,NA,18,NA,1500,762,"Africa","2020-04-10"
"287","Guinea-Bissau",2020-04-10,"deaths",NA,NA,1968000,4,-15.1804,36,NA,NA,NA,NA,36,NA,18,NA,1500,762,"Africa","2020-04-10"
"288","Guinea-Bissau",2020-04-10,"recovered",NA,0,1968000,2,-15.1804,36,NA,NA,NA,NA,36,NA,18,NA,1500,762,"Africa","2020-04-10"
"289","Guyana",2020-04-10,"active",23,0,787000,1,-58.75,37,NA,6,NA,8,23,4,47,8,145,184,"South America","2020-04-10"
"290","Guyana",2020-04-10,"confirmed",37,NA,787000,4,-58.75,37,NA,6,NA,8,23,4,47,8,145,184,"South America","2020-04-10"
"291","Guyana",2020-04-10,"deaths",6,NA,787000,5,-58.75,37,NA,6,NA,8,23,4,47,8,145,184,"South America","2020-04-10"
"292","Guyana",2020-04-10,"recovered",8,0,787000,4,-58.75,37,NA,6,NA,8,23,4,47,8,145,184,"South America","2020-04-10"
"293","Haiti",2020-04-10,"active",28,2,11403000,15,-72.2852,30,NA,2,NA,NA,28,NA,3,0.2,257,23,"North America","2020-04-10"
"294","Haiti",2020-04-10,"confirmed",30,NA,11403000,7,-72.2852,30,NA,2,NA,NA,28,NA,3,0.2,257,23,"North America","2020-04-10"
"295","Haiti",2020-04-10,"deaths",2,NA,11403000,14,-72.2852,30,NA,2,NA,NA,28,NA,3,0.2,257,23,"North America","2020-04-10"
"296","Haiti",2020-04-10,"recovered",NA,0,11403000,8,-72.2852,30,NA,2,NA,NA,28,NA,3,0.2,257,23,"North America","2020-04-10"
"297","Holy See",2020-04-10,"active",NA,0,1000,41.9029,12.4534,NA,NA,NA,NA,NA,NA,NA,NA,NA,NA,NA,NA,NA
"298","Holy See",2020-04-10,"confirmed",NA,NA,1000,41.9029,12.4534,NA,NA,NA,NA,NA,NA,NA,NA,NA,NA,NA,NA,NA
"299","Holy See",2020-04-10,"deaths",NA,NA,1000,41.9029,12.4534,NA,NA,NA,NA,NA,NA,NA,NA,NA,NA,NA,NA,NA
"300","Holy See",2020-04-10,"recovered",NA,0,1000,41.9029,12.4534,NA,NA,NA,NA,NA,NA,NA,NA,NA,NA,NA,NA,NA
"301","Honduras",2020-04-10,"active",352,30,9905000,9,-86.2419,382,39,23,NA,7,352,10,39,2,1600,162,"North America","2020-04-10"
"302","Honduras",2020-04-10,"confirmed",382,39,9905000,12,-86.2419,382,39,23,NA,7,352,10,39,2,1600,162,"North America","2020-04-10"
"303","Honduras",2020-04-10,"deaths",23,NA,9905000,4,-86.2419,382,39,23,NA,7,352,10,39,2,1600,162,"North America","2020-04-10"
"304","Honduras",2020-04-10,"recovered",7,0,9905000,4,-86.2419,382,39,23,NA,7,352,10,39,2,1600,162,"North America","2020-04-10"
"305","Hungary",2020-04-10,"active",1001,75,9660000,4,2,1190,210,77,11,112,1001,17,123,8,29948,3100,"Europe","2020-04-10"
"306","Hungary",2020-04-10,"confirmed",1190,210,9660000,23,19,1190,210,77,11,112,1001,17,123,8,29948,3100,"Europe","2020-04-10"
"307","Hungary",2020-04-10,"deaths",77,11,9660000,23,5,1190,210,77,11,112,1001,17,123,8,29948,3100,"Europe","2020-04-10"
"308","Hungary",2020-04-10,"recovered",112,2,9660000,43,6,1190,210,77,11,112,1001,17,123,8,29948,3100,"Europe","2020-04-10"
"309","Iceland",2020-04-10,"active",918,-23,341000,46,-19.0208,1675,27,6,NA,751,918,11,4909,18,34125,100002,"Europe","2020-04-10"
"310","Iceland",2020-04-10,"confirmed",1675,27,341000,6,-19.0208,1675,27,6,NA,751,918,11,4909,18,34125,100002,"Europe","2020-04-10"
"311","Iceland",2020-04-10,"deaths",6,NA,341000,23,-19.0208,1675,27,6,NA,751,918,11,4909,18,34125,100002,"Europe","2020-04-10"
"312","Iceland",2020-04-10,"recovered",751,55,341000,59,-19.0208,1675,27,6,NA,751,918,11,4909,18,34125,100002,"Europe","2020-04-10"
"313","India",2020-04-10,"active",6477,647,1380004000,12,6,7347,622,229,2,641,6477,NA,5,0.2,177584,129,"Asia","2020-04-10"
"314","India",2020-04-10,"confirmed",7347,622,1380004000,4,71,7347,622,229,2,641,6477,NA,5,0.2,177584,129,"Asia","2020-04-10"
"315","India",2020-04-10,"deaths",229,2,1380004000,11,77,7347,622,229,2,641,6477,NA,5,0.2,177584,129,"Asia","2020-04-10"
"316","India",2020-04-10,"recovered",641,114,1380004000,19,35,7347,622,229,2,641,6477,NA,5,0.2,177584,129,"Asia","2020-04-10"
"317","Indonesia",2020-04-10,"active",2924,267,273524000,-0.7893,32,3512,219,306,26,282,2924,NA,13,1,17679,65,"Asia","2020-04-10"
"318","Indonesia",2020-04-10,"confirmed",3512,219,273524000,-0.7893,82,3512,219,306,26,282,2924,NA,13,1,17679,65,"Asia","2020-04-10"
"319","Indonesia",2020-04-10,"deaths",306,26,273524000,-0.7893,104,3512,219,306,26,282,2924,NA,13,1,17679,65,"Asia","2020-04-10"
"320","Indonesia",2020-04-10,"recovered",282,30,273524000,-0.7893,50,3512,219,306,26,282,2924,NA,13,1,17679,65,"Asia","2020-04-10"
"321","Iran",2020-04-10,"active",28495,-980,59734000,11,42,68192,1972,4232,122,35465,28495,3969,812,50,242568,2888,"Asia","2020-04-10"
"322","Iran",2020-04-10,"confirmed",68192,1972,59734000,13,47,68192,1972,4232,122,35465,28495,3969,812,50,242568,2888,"Asia","2020-04-10"
"323","Iran",2020-04-10,"deaths",4232,122,59734000,11,31,68192,1972,4232,122,35465,28495,3969,812,50,242568,2888,"Asia","2020-04-10"
"324","Iran",2020-04-10,"recovered",35465,2497,59734000,27,2,68192,1972,4232,122,35465,28495,3969,812,50,242568,2888,"Asia","2020-04-10"
"325","Iraq",2020-04-10,"active",659,-14,40223000,24,27,1279,47,70,1,550,659,NA,32,2,32158,800,"Asia","2020-04-10"
"326","Iraq",2020-04-10,"confirmed",1279,47,40223000,7,1,1279,47,70,1,550,659,NA,32,2,32158,800,"Asia","2020-04-10"
"327","Iraq",2020-04-10,"deaths",70,1,40223000,17,40,1279,47,70,1,550,659,NA,32,2,32158,800,"Asia","2020-04-10"
"328","Iraq",2020-04-10,"recovered",550,44,40223000,18,22,1279,47,70,1,550,659,NA,32,2,32158,800,"Asia","2020-04-10"
"329","Ireland",2020-04-10,"active",6286,472,4938000,21,-7.6921,6574,NA,263,NA,25,6286,194,1331,53,53000,10734,"Europe","2020-04-10"
"330","Ireland",2020-04-10,"confirmed",6574,NA,4938000,28,-7.6921,6574,NA,263,NA,25,6286,194,1331,53,53000,10734,"Europe","2020-04-10"
"331","Ireland",2020-04-10,"deaths",263,NA,4938000,48,-7.6921,6574,NA,263,NA,25,6286,194,1331,53,53000,10734,"Europe","2020-04-10"
"332","Ireland",2020-04-10,"recovered",25,0,4938000,48,-7.6921,6574,NA,263,NA,25,6286,194,1331,53,53000,10734,"Europe","2020-04-10"
"333","Israel",2020-04-10,"active",8939,341,8656000,15,28,10095,127,95,9,1061,8939,164,1166,11,117339,13557,"Asia","2020-04-10"
"334","Israel",2020-04-10,"confirmed",10095,127,8656000,22,18,10095,127,95,9,1061,8939,164,1166,11,117339,13557,"Asia","2020-04-10"
"335","Israel",2020-04-10,"deaths",95,9,8656000,23,32,10095,127,95,9,1061,8939,164,1166,11,117339,13557,"Asia","2020-04-10"
"336","Israel",2020-04-10,"recovered",1061,210,8656000,12,19,10095,127,95,9,1061,8939,164,1166,11,117339,13557,"Asia","2020-04-10"
"337","Italy",2020-04-10,"active",98273,1615,60462000,19,8,147577,3951,18849,570,30455,98273,3497,2441,312,906864,14999,"Europe","2020-04-10"
"338","Italy",2020-04-10,"confirmed",147577,3951,60462000,31,3,147577,3951,18849,570,30455,98273,3497,2441,312,906864,14999,"Europe","2020-04-10"
"339","Italy",2020-04-10,"deaths",18849,570,60462000,8,2,147577,3951,18849,570,30455,98273,3497,2441,312,906864,14999,"Europe","2020-04-10"
"340","Italy",2020-04-10,"recovered",30455,1979,60462000,35,1,147577,3951,18849,570,30455,98273,3497,2441,312,906864,14999,"Europe","2020-04-10"
"341","Jamaica",2020-04-10,"active",46,-2,2961000,10,-77.2975,63,NA,4,NA,13,46,NA,21,1,907,306,"North America","2020-04-10"
"342","Jamaica",2020-04-10,"confirmed",63,NA,2961000,1,-77.2975,63,NA,4,NA,13,46,NA,21,1,907,306,"North America","2020-04-10"
"343","Jamaica",2020-04-10,"deaths",4,NA,2961000,4,-77.2975,63,NA,4,NA,13,46,NA,21,1,907,306,"North America","2020-04-10"
"344","Jamaica",2020-04-10,"recovered",13,2,2961000,3,-77.2975,63,NA,4,NA,13,46,NA,21,1,907,306,"North America","2020-04-10"
"345","Japan",2020-04-10,"active",4746,399,126476000,16,18,5530,183,99,NA,685,4746,109,44,0.8,64387,509,"Asia","2020-04-10"
"346","Japan",2020-04-10,"confirmed",5530,183,126476000,9,58,5530,183,99,NA,685,4746,109,44,0.8,64387,509,"Asia","2020-04-10"
"347","Japan",2020-04-10,"deaths",99,NA,126476000,17,99,5530,183,99,NA,685,4746,109,44,0.8,64387,509,"Asia","2020-04-10"
"348","Japan",2020-04-10,"recovered",685,10,126476000,34,107,5530,183,99,NA,685,4746,109,44,0.8,64387,509,"Asia","2020-04-10"
"349","Jordan",2020-04-10,"active",195,2,10203000,5,5,372,NA,7,NA,170,195,5,36,0.7,17000,1666,"Asia","2020-04-10"
"350","Jordan",2020-04-10,"confirmed",372,NA,10203000,19,8,372,NA,7,NA,170,195,5,36,0.7,17000,1666,"Asia","2020-04-10"
"351","Jordan",2020-04-10,"deaths",7,NA,10203000,21,22,372,NA,7,NA,170,195,5,36,0.7,17000,1666,"Asia","2020-04-10"
"352","Jordan",2020-04-10,"recovered",170,11,10203000,9,19,372,NA,7,NA,170,195,5,36,0.7,17000,1666,"Asia","2020-04-10"
"353","Kazakhstan",2020-04-10,"active",738,47,18777000,11,9,812,31,10,2,64,738,21,43,0.5,61955,3300,"Asia","2020-04-10"
"354","Kazakhstan",2020-04-10,"confirmed",812,31,18777000,33,43,812,31,10,2,64,738,21,43,0.5,61955,3300,"Asia","2020-04-10"
"355","Kazakhstan",2020-04-10,"deaths",10,2,18777000,22,66,812,31,10,2,64,738,21,43,0.5,61955,3300,"Asia","2020-04-10"
"356","Kazakhstan",2020-04-10,"recovered",64,6,18777000,46,47,812,31,10,2,64,738,21,43,0.5,61955,3300,"Asia","2020-04-10"
"357","Kenya",2020-04-10,"active",160,1,53771000,-0.0236,8,189,5,7,NA,22,160,2,4,0.1,5278,98,"Africa","2020-04-10"
"358","Kenya",2020-04-10,"confirmed",189,5,53771000,-0.0236,21,189,5,7,NA,22,160,2,4,0.1,5278,98,"Africa","2020-04-10"
"359","Kenya",2020-04-10,"deaths",7,NA,53771000,-0.0236,33,189,5,7,NA,22,160,2,4,0.1,5278,98,"Africa","2020-04-10"
"360","Kenya",2020-04-10,"recovered",22,3,53771000,-0.0236,21,189,5,7,NA,22,160,2,4,0.1,5278,98,"Africa","2020-04-10"
"361","Korea, South",2020-04-10,"active",3125,-162,51269000,6,38,10450,27,208,4,7117,3125,55,204,4,503051,9812,"Asia","2020-04-10"
"362","Korea, South",2020-04-10,"confirmed",10450,27,51269000,33,37,10450,27,208,4,7117,3125,55,204,4,503051,9812,"Asia","2020-04-10"
"363","Korea, South",2020-04-10,"deaths",208,4,51269000,35,57,10450,27,208,4,7117,3125,55,204,4,503051,9812,"Asia","2020-04-10"
"364","Korea, South",2020-04-10,"recovered",7117,197,51269000,13,53,10450,27,208,4,7117,3125,55,204,4,503051,9812,"Asia","2020-04-10"
"365","Kosovo",2020-04-10,"active",NA,0,1831000,8,18,NA,NA,NA,NA,NA,NA,NA,NA,NA,NA,NA,NA,NA
"366","Kosovo",2020-04-10,"confirmed",NA,NA,1831000,29,8,NA,NA,NA,NA,NA,NA,NA,NA,NA,NA,NA,NA,NA
"367","Kosovo",2020-04-10,"deaths",NA,NA,1831000,25,10,NA,NA,NA,NA,NA,NA,NA,NA,NA,NA,NA,NA,NA
"368","Kosovo",2020-04-10,"recovered",NA,0,1831000,23,16,NA,NA,NA,NA,NA,NA,NA,NA,NA,NA,NA,NA,NA
"369","Kuwait",2020-04-10,"active",869,55,4271000,13,36,993,83,1,NA,123,869,26,233,0.2,NA,NA,"Asia","2020-04-10"
"370","Kuwait",2020-04-10,"confirmed",993,83,4271000,26,46,993,83,1,NA,123,869,26,233,0.2,NA,NA,"Asia","2020-04-10"
"371","Kuwait",2020-04-10,"deaths",1,NA,4271000,27,44,993,83,1,NA,123,869,26,233,0.2,NA,NA,"Asia","2020-04-10"
"372","Kuwait",2020-04-10,"recovered",123,0,4271000,4,10,993,83,1,NA,123,869,26,233,0.2,NA,NA,"Asia","2020-04-10"
"373","Kyrgyzstan",2020-04-10,"active",258,8,6524000,40,60,298,18,5,1,35,258,5,46,0.8,9618,1474,"Asia","2020-04-10"
"374","Kyrgyzstan",2020-04-10,"confirmed",298,18,6524000,40,11,298,18,5,1,35,258,5,46,0.8,9618,1474,"Asia","2020-04-10"
"375","Kyrgyzstan",2020-04-10,"deaths",5,1,6524000,21,5,298,18,5,1,35,258,5,46,0.8,9618,1474,"Asia","2020-04-10"
"376","Kyrgyzstan",2020-04-10,"recovered",35,2,6524000,6,5,298,18,5,1,35,258,5,46,0.8,9618,1474,"Asia","2020-04-10"
"377","Laos",2020-04-10,"active",16,1,28436000,8,72,16,NA,NA,NA,NA,16,NA,2,NA,1035,142,"Asia","2020-04-10"
"378","Laos",2020-04-10,"confirmed",16,NA,28436000,5,39,16,NA,NA,NA,NA,16,NA,2,NA,1035,142,"Asia","2020-04-10"
"379","Laos",2020-04-10,"deaths",NA,NA,28436000,7,64,16,NA,NA,NA,NA,16,NA,2,NA,1035,142,"Asia","2020-04-10"
"380","Laos",2020-04-10,"recovered",NA,0,28436000,6,78,16,NA,NA,NA,NA,16,NA,2,NA,1035,142,"Asia","2020-04-10"
"381","Latvia",2020-04-10,"active",593,11,1886000,17,2,612,23,3,NA,16,593,3,324,2,26656,14132,"Europe","2020-04-10"
"382","Latvia",2020-04-10,"confirmed",612,23,1886000,16,4,612,23,3,NA,16,593,3,324,2,26656,14132,"Europe","2020-04-10"
"383","Latvia",2020-04-10,"deaths",3,NA,1886000,55,11,612,23,3,NA,16,593,3,324,2,26656,14132,"Europe","2020-04-10"
"384","Latvia",2020-04-10,"recovered",16,0,1886000,18,15,612,23,3,NA,16,593,3,324,2,26656,14132,"Europe","2020-04-10"
"385","Lebanon",2020-04-10,"active",513,1,6825000,24,20,609,27,20,1,76,513,28,89,3,13530,1982,"Asia","2020-04-10"
"386","Lebanon",2020-04-10,"confirmed",609,27,6825000,13,34,609,27,20,1,76,513,28,89,3,13530,1982,"Asia","2020-04-10"
"387","Lebanon",2020-04-10,"deaths",20,1,6825000,2,16,609,27,20,1,76,513,28,89,3,13530,1982,"Asia","2020-04-10"
"388","Lebanon",2020-04-10,"recovered",76,5,6825000,13,33,609,27,20,1,76,513,28,89,3,13530,1982,"Asia","2020-04-10"
"389","Liberia",2020-04-10,"active",29,0,5058000,2,-9.4295,37,6,5,1,3,29,NA,7,1,NA,NA,"Africa","2020-04-10"
"390","Liberia",2020-04-10,"confirmed",37,6,5058000,1,-9.4295,37,6,5,1,3,29,NA,7,1,NA,NA,"Africa","2020-04-10"
"391","Liberia",2020-04-10,"deaths",5,1,5058000,3,-9.4295,37,6,5,1,3,29,NA,7,1,NA,NA,"Africa","2020-04-10"
"392","Liberia",2020-04-10,"recovered",3,0,5058000,3,-9.4295,37,6,5,1,3,29,NA,7,1,NA,NA,"Africa","2020-04-10"
"393","Libya",2020-04-10,"active",15,3,6871000,8,8,24,NA,1,NA,8,15,NA,3,0.1,492,72,"Africa","2020-04-10"
"394","Libya",2020-04-10,"confirmed",24,NA,6871000,12,11,24,NA,1,NA,8,15,NA,3,0.1,492,72,"Africa","2020-04-10"
"395","Libya",2020-04-10,"deaths",1,NA,6871000,10,7,24,NA,1,NA,8,15,NA,3,0.1,492,72,"Africa","2020-04-10"
"396","Libya",2020-04-10,"recovered",8,0,6871000,8,12,24,NA,1,NA,8,15,NA,3,0.1,492,72,"Africa","2020-04-10"
"397","Liechtenstein",2020-04-10,"active",22,0,38000,47,5,78,NA,1,NA,55,22,NA,2046,26,900,23605,"Europe","2020-04-10"
"398","Liechtenstein",2020-04-10,"confirmed",78,NA,38000,20,5,78,NA,1,NA,55,22,NA,2046,26,900,23605,"Europe","2020-04-10"
"399","Liechtenstein",2020-04-10,"deaths",1,NA,38000,23,1,78,NA,1,NA,55,22,NA,2046,26,900,23605,"Europe","2020-04-10"
"400","Liechtenstein",2020-04-10,"recovered",55,0,38000,6,6,78,NA,1,NA,55,22,NA,2046,26,900,23605,"Europe","2020-04-10"
"401","Lithuania",2020-04-10,"active",923,42,2722000,21,4,999,44,22,6,54,923,14,367,8,36051,13243,"Europe","2020-04-10"
"402","Lithuania",2020-04-10,"confirmed",999,44,2722000,34,16,999,44,22,6,54,923,14,367,8,36051,13243,"Europe","2020-04-10"
"403","Lithuania",2020-04-10,"deaths",22,6,2722000,29,13,999,44,22,6,54,923,14,367,8,36051,13243,"Europe","2020-04-10"
"404","Lithuania",2020-04-10,"recovered",54,0,2722000,45,22,999,44,22,6,54,923,14,367,8,36051,13243,"Europe","2020-04-10"
"405","Luxembourg",2020-04-10,"active",2669,75,626000,39,3,3223,108,54,2,500,2669,30,5149,86,28273,45166,"Europe","2020-04-10"
"406","Luxembourg",2020-04-10,"confirmed",3223,108,626000,29,1,3223,108,54,2,500,2669,30,5149,86,28273,45166,"Europe","2020-04-10"
"407","Luxembourg",2020-04-10,"deaths",54,2,626000,25,2,3223,108,54,2,500,2669,30,5149,86,28273,45166,"Europe","2020-04-10"
"408","Luxembourg",2020-04-10,"recovered",500,0,626000,25,6,3223,108,54,2,500,2669,30,5149,86,28273,45166,"Europe","2020-04-10"
"409","Madagascar",2020-04-10,"active",82,0,27691000,-18.7669,11,93,NA,NA,NA,11,82,1,3,NA,NA,NA,"Africa","2020-04-10"
"410","Madagascar",2020-04-10,"confirmed",93,NA,27691000,-18.7669,32,93,NA,NA,NA,11,82,1,3,NA,NA,NA,"Africa","2020-04-10"
"411","Madagascar",2020-04-10,"deaths",NA,NA,27691000,-18.7669,1,93,NA,NA,NA,11,82,1,3,NA,NA,NA,"Africa","2020-04-10"
"412","Madagascar",2020-04-10,"recovered",11,0,27691000,-18.7669,43,93,NA,NA,NA,11,82,1,3,NA,NA,NA,"Africa","2020-04-10"
"413","Malawi",2020-04-10,"active",8,0,19130000,-13.254308,12,9,1,1,NA,NA,8,1,0.5,0.05,NA,NA,"Africa","2020-04-10"
"414","Malawi",2020-04-10,"confirmed",9,1,19130000,-13.254308,28,9,1,1,NA,NA,8,1,0.5,0.05,NA,NA,"Africa","2020-04-10"
"415","Malawi",2020-04-10,"deaths",1,NA,19130000,-13.254308,16,9,1,1,NA,NA,8,1,0.5,0.05,NA,NA,"Africa","2020-04-10"
"416","Malawi",2020-04-10,"recovered",NA,0,19130000,-13.254308,5,9,1,1,NA,NA,8,1,0.5,0.05,NA,NA,"Africa","2020-04-10"
"417","Malaysia",2020-04-10,"active",2446,-14,32366000,2,70,4346,118,70,3,1830,2446,69,134,2,69675,2153,"Asia","2020-04-10"
"418","Malaysia",2020-04-10,"confirmed",4346,118,32366000,2,54,4346,118,70,3,1830,2446,69,134,2,69675,2153,"Asia","2020-04-10"
"419","Malaysia",2020-04-10,"deaths",70,3,32366000,1,39,4346,118,70,3,1830,2446,69,134,2,69675,2153,"Asia","2020-04-10"
"420","Malaysia",2020-04-10,"recovered",1830,121,32366000,2,48,4346,118,70,3,1830,2446,69,134,2,69675,2153,"Asia","2020-04-10"
"421","Maldives",2020-04-10,"active",6,0,541000,1,2,19,NA,NA,NA,13,6,NA,35,NA,NA,NA,"Asia","2020-04-10"
"422","Maldives",2020-04-10,"confirmed",19,NA,541000,3,11,19,NA,NA,NA,13,6,NA,35,NA,NA,NA,"Asia","2020-04-10"
"423","Maldives",2020-04-10,"deaths",NA,NA,541000,1,32,19,NA,NA,NA,13,6,NA,35,NA,NA,NA,"Asia","2020-04-10"
"424","Maldives",2020-04-10,"recovered",13,0,541000,2,70,19,NA,NA,NA,13,6,NA,35,NA,NA,NA,"Asia","2020-04-10"
"425","Mali",2020-04-10,"active",58,9,20251000,7,-3.996166,87,13,7,NA,22,58,NA,4,0.3,NA,NA,"Africa","2020-04-10"
"426","Mali",2020-04-10,"confirmed",87,13,20251000,8,-3.996166,87,13,7,NA,22,58,NA,4,0.3,NA,NA,"Africa","2020-04-10"
"427","Mali",2020-04-10,"deaths",7,NA,20251000,3,-3.996166,87,13,7,NA,22,58,NA,4,0.3,NA,NA,"Africa","2020-04-10"
"428","Mali",2020-04-10,"recovered",22,6,20251000,11,-3.996166,87,13,7,NA,22,58,NA,4,0.3,NA,NA,"Africa","2020-04-10"
"429","Malta",2020-04-10,"active",332,37,442000,16,12,350,13,2,NA,16,332,4,793,5,13732,31100,"Europe","2020-04-10"
"430","Malta",2020-04-10,"confirmed",350,13,442000,15,11,350,13,2,NA,16,332,4,793,5,13732,31100,"Europe","2020-04-10"
"431","Malta",2020-04-10,"deaths",2,NA,442000,31,14,350,13,2,NA,16,332,4,793,5,13732,31100,"Europe","2020-04-10"
"432","Malta",2020-04-10,"recovered",16,0,442000,22,5,350,13,2,NA,16,332,4,793,5,13732,31100,"Europe","2020-04-10"
"433","Mauritania",2020-04-10,"active",4,1,4650000,19,4,7,NA,1,NA,2,4,NA,2,0.2,258,55,"Africa","2020-04-10"
"434","Mauritania",2020-04-10,"confirmed",7,NA,4650000,17,10,7,NA,1,NA,2,4,NA,2,0.2,258,55,"Africa","2020-04-10"
"435","Mauritania",2020-04-10,"deaths",1,NA,4650000,9,6,7,NA,1,NA,2,4,NA,2,0.2,258,55,"Africa","2020-04-10"
"436","Mauritania",2020-04-10,"recovered",2,0,4650000,3,4,7,NA,1,NA,2,4,NA,2,0.2,258,55,"Africa","2020-04-10"
"437","Mauritius",2020-04-10,"active",286,37,1272000,-20.2,52,318,4,9,2,23,286,3,250,7,6730,5292,"Africa","2020-04-10"
"438","Mauritius",2020-04-10,"confirmed",318,4,1272000,-20.2,1,318,4,9,2,23,286,3,250,7,6730,5292,"Africa","2020-04-10"
"439","Mauritius",2020-04-10,"deaths",9,2,1272000,-20.2,34,318,4,9,2,23,286,3,250,7,6730,5292,"Africa","2020-04-10"
"440","Mauritius",2020-04-10,"recovered",23,4,1272000,-20.2,18,318,4,9,2,23,286,3,250,7,6730,5292,"Africa","2020-04-10"
"441","Mexico",2020-04-10,"active",2614,363,128933000,4,-102.5528,3441,260,194,20,633,2614,89,27,2,31492,244,"North America","2020-04-10"
"442","Mexico",2020-04-10,"confirmed",3441,260,128933000,15,-102.5528,3441,260,194,20,633,2614,89,27,2,31492,244,"North America","2020-04-10"
"443","Mexico",2020-04-10,"deaths",194,20,128933000,2,-102.5528,3441,260,194,20,633,2614,89,27,2,31492,244,"North America","2020-04-10"
"444","Mexico",2020-04-10,"recovered",633,0,128933000,18,-102.5528,3441,260,194,20,633,2614,89,27,2,31492,244,"North America","2020-04-10"
"445","Moldova",2020-04-10,"active",1353,103,26378000,23,24,1438,149,29,NA,56,1353,80,356,7,6271,1555,"Europe","2020-04-10"
"446","Moldova",2020-04-10,"confirmed",1438,149,26378000,43,7,1438,149,29,NA,56,1353,80,356,7,6271,1555,"Europe","2020-04-10"
"447","Moldova",2020-04-10,"deaths",29,NA,26378000,43,2,1438,149,29,NA,56,1353,80,356,7,6271,1555,"Europe","2020-04-10"
"448","Moldova",2020-04-10,"recovered",56,10,26378000,26,23,1438,149,29,NA,56,1353,80,356,7,6271,1555,"Europe","2020-04-10"
"449","Monaco",2020-04-10,"active",84,2,39000,40,2,90,6,1,NA,5,84,4,2293,25,NA,NA,"Europe","2020-04-10"
"450","Monaco",2020-04-10,"confirmed",90,6,39000,41,4,90,6,1,NA,5,84,4,2293,25,NA,NA,"Europe","2020-04-10"
"451","Monaco",2020-04-10,"deaths",1,NA,39000,39,4,90,6,1,NA,5,84,4,2293,25,NA,NA,"Europe","2020-04-10"
"452","Monaco",2020-04-10,"recovered",5,1,39000,39,2,90,6,1,NA,5,84,4,2293,25,NA,NA,"Europe","2020-04-10"
"453","Mongolia",2020-04-10,"active",12,0,3278000,10,6,16,NA,NA,NA,4,12,NA,5,NA,NA,NA,"Asia","2020-04-10"
"454","Mongolia",2020-04-10,"confirmed",16,NA,3278000,35,9,16,NA,NA,NA,4,12,NA,5,NA,NA,NA,"Asia","2020-04-10"
"455","Mongolia",2020-04-10,"deaths",NA,NA,3278000,9,23,16,NA,NA,NA,4,12,NA,5,NA,NA,NA,"Asia","2020-04-10"
"456","Mongolia",2020-04-10,"recovered",4,0,3278000,8,53,16,NA,NA,NA,4,12,NA,5,NA,NA,NA,"Asia","2020-04-10"
"457","Montenegro",2020-04-10,"active",249,4,628000,24,14,255,3,2,NA,4,249,7,406,3,2329,3708,"Europe","2020-04-10"
"458","Montenegro",2020-04-10,"confirmed",255,3,628000,2,3,255,3,2,NA,4,249,7,406,3,2329,3708,"Europe","2020-04-10"
"459","Montenegro",2020-04-10,"deaths",2,NA,628000,16,12,255,3,2,NA,4,249,7,406,3,2329,3708,"Europe","2020-04-10"
"460","Montenegro",2020-04-10,"recovered",4,0,628000,21,16,255,3,2,NA,4,249,7,406,3,2329,3708,"Europe","2020-04-10"
"461","Morocco",2020-04-10,"active",1219,83,36911000,28,-7.0926,1448,74,107,10,122,1219,1,39,3,6854,186,"Africa","2020-04-10"
"462","Morocco",2020-04-10,"confirmed",1448,74,36911000,1,-7.0926,1448,74,107,10,122,1219,1,39,3,6854,186,"Africa","2020-04-10"
"463","Morocco",2020-04-10,"deaths",107,10,36911000,7,-7.0926,1448,74,107,10,122,1219,1,39,3,6854,186,"Africa","2020-04-10"
"464","Morocco",2020-04-10,"recovered",122,12,36911000,20,-7.0926,1448,74,107,10,122,1219,1,39,3,6854,186,"Africa","2020-04-10"
"465","Mozambique",2020-04-10,"active",18,0,31255000,-18.665695,30,20,3,NA,NA,2,18,NA,0.6,NA,483,15,"Africa","2020-04-10"
"466","Mozambique",2020-04-10,"confirmed",20,3,31255000,-18.665695,28,20,3,NA,NA,2,18,NA,0.6,NA,483,15,"Africa","2020-04-10"
"467","Mozambique",2020-04-10,"deaths",NA,NA,31255000,-18.665695,18,20,3,NA,NA,2,18,NA,0.6,NA,483,15,"Africa","2020-04-10"
"468","Mozambique",2020-04-10,"recovered",2,0,31255000,-18.665695,2,20,3,NA,NA,2,18,NA,0.6,NA,483,15,"Africa","2020-04-10"
"469","MS Zaandam",2020-04-10,"active",7,0,1164,0,0,9,NA,2,NA,NA,7,NA,NA,NA,NA,NA,"","2020-04-10"
"470","MS Zaandam",2020-04-10,"confirmed",9,NA,1164,0,0,9,NA,2,NA,NA,7,NA,NA,NA,NA,NA,"","2020-04-10"
"471","MS Zaandam",2020-04-10,"deaths",2,NA,1164,0,0,9,NA,2,NA,NA,7,NA,NA,NA,NA,NA,"","2020-04-10"
"472","MS Zaandam",2020-04-10,"recovered",NA,0,1164,0,0,9,NA,2,NA,NA,7,NA,NA,NA,NA,NA,"","2020-04-10"
"473","Namibia",2020-04-10,"active",13,0,2541000,-22.9576,10,16,NA,NA,NA,3,13,NA,6,NA,362,142,"Africa","2020-04-10"
"474","Namibia",2020-04-10,"confirmed",16,NA,2541000,-22.9576,15,16,NA,NA,NA,3,13,NA,6,NA,362,142,"Africa","2020-04-10"
"475","Namibia",2020-04-10,"deaths",NA,NA,2541000,-22.9576,15,16,NA,NA,NA,3,13,NA,6,NA,362,142,"Africa","2020-04-10"
"476","Namibia",2020-04-10,"recovered",3,0,2541000,-22.9576,16,16,NA,NA,NA,3,13,NA,6,NA,362,142,"Africa","2020-04-10"
"477","Nepal",2020-04-10,"active",8,0,29137000,19,37,9,NA,NA,NA,1,8,NA,0.3,NA,2895,99,"Asia","2020-04-10"
"478","Nepal",2020-04-10,"confirmed",9,NA,29137000,14,77,9,NA,NA,NA,1,8,NA,0.3,NA,2895,99,"Asia","2020-04-10"
"479","Nepal",2020-04-10,"deaths",NA,NA,29137000,6,63,9,NA,NA,NA,1,8,NA,0.3,NA,2895,99,"Asia","2020-04-10"
"480","Nepal",2020-04-10,"recovered",1,0,29137000,25,57,9,NA,NA,NA,1,8,NA,0.3,NA,2895,99,"Asia","2020-04-10"
"481","Netherlands",2020-04-10,"active",20336,1067,17135000,52.1326,5.2913,23097,1335,2511,115,250,20336,1424,1348,147,101534,5926,"Europe","2020-04-10"
"482","Netherlands",2020-04-10,"confirmed",23097,1335,17135000,18.0425,5.2913,23097,1335,2511,115,250,20336,1424,1348,147,101534,5926,"Europe","2020-04-10"
"483","Netherlands",2020-04-10,"deaths",2511,115,17135000,52.1326,-63.0548,23097,1335,2511,115,250,20336,1424,1348,147,101534,5926,"Europe","2020-04-10"
"484","Netherlands",2020-04-10,"recovered",250,6,17135000,12.5186,-68.2385,23097,1335,2511,115,250,20336,1424,1348,147,101534,5926,"Europe","2020-04-10"
"485","New Zealand",2020-04-10,"active",908,-6,4822000,-40.9006,38,1283,44,2,1,373,908,5,266,0.4,55685,11548,"Australia/Oceania","2020-04-10"
"486","New Zealand",2020-04-10,"confirmed",1283,44,4822000,-40.9006,172,1283,44,2,1,373,908,5,266,0.4,55685,11548,"Australia/Oceania","2020-04-10"
"487","New Zealand",2020-04-10,"deaths",2,1,4822000,-40.9006,90,1283,44,2,1,373,908,5,266,0.4,55685,11548,"Australia/Oceania","2020-04-10"
"488","New Zealand",2020-04-10,"recovered",373,35,4822000,-40.9006,2,1283,44,2,1,373,908,5,266,0.4,55685,11548,"Australia/Oceania","2020-04-10"
"489","Nicaragua",2020-04-10,"active",6,1,6625000,10,-85.2072,7,NA,1,NA,NA,6,NA,1,0.2,NA,NA,"North America","2020-04-10"
"490","Nicaragua",2020-04-10,"confirmed",7,NA,6625000,5,-85.2072,7,NA,1,NA,NA,6,NA,1,0.2,NA,NA,"North America","2020-04-10"
"491","Nicaragua",2020-04-10,"deaths",1,NA,6625000,10,-85.2072,7,NA,1,NA,NA,6,NA,1,0.2,NA,NA,"North America","2020-04-10"
"492","Nicaragua",2020-04-10,"recovered",NA,0,6625000,2,-85.2072,7,NA,1,NA,NA,6,NA,1,0.2,NA,NA,"North America","2020-04-10"
"493","Niger",2020-04-10,"active",359,56,24207000,2,1,410,NA,11,NA,40,359,NA,17,0.5,4251,176,"Africa","2020-04-10"
"494","Niger",2020-04-10,"confirmed",410,NA,24207000,17,2,410,NA,11,NA,40,359,NA,17,0.5,4251,176,"Africa","2020-04-10"
"495","Niger",2020-04-10,"deaths",11,NA,24207000,8,1,410,NA,11,NA,40,359,NA,17,0.5,4251,176,"Africa","2020-04-10"
"496","Niger",2020-04-10,"recovered",40,12,24207000,1,7,410,NA,11,NA,40,359,NA,17,0.5,4251,176,"Africa","2020-04-10"
"497","Nigeria",2020-04-10,"active",230,4,206140000,7,3,288,NA,7,NA,51,230,2,1,0.03,5000,24,"Africa","2020-04-10"
"498","Nigeria",2020-04-10,"confirmed",288,NA,206140000,5,2,288,NA,7,NA,51,230,2,1,0.03,5000,24,"Africa","2020-04-10"
"499","Nigeria",2020-04-10,"deaths",7,NA,206140000,9,2,288,NA,7,NA,51,230,2,1,0.03,5000,24,"Africa","2020-04-10"
"500","Nigeria",2020-04-10,"recovered",51,7,206140000,3,5,288,NA,7,NA,51,230,2,1,0.03,5000,24,"Africa","2020-04-10"
"501","North Macedonia",2020-04-10,"active",638,43,2083000,38,16,711,48,32,2,41,638,15,341,15,6571,3154,"Europe","2020-04-10"
"502","North Macedonia",2020-04-10,"confirmed",711,48,2083000,40,8,711,48,32,2,41,638,15,341,15,6571,3154,"Europe","2020-04-10"
"503","North Macedonia",2020-04-10,"deaths",32,2,2083000,4,4,711,48,32,2,41,638,15,341,15,6571,3154,"Europe","2020-04-10"
"504","North Macedonia",2020-04-10,"recovered",41,2,2083000,23,5,711,48,32,2,41,638,15,341,15,6571,3154,"Europe","2020-04-10"
"505","Norway",2020-04-10,"active",6154,118,5421000,56,2,6298,79,112,4,32,6154,70,1162,21,123170,22720,"Europe","2020-04-10"
"506","Norway",2020-04-10,"confirmed",6298,79,5421000,54,7,6298,79,112,4,32,6154,70,1162,21,123170,22720,"Europe","2020-04-10"
"507","Norway",2020-04-10,"deaths",112,4,5421000,54,5,6298,79,112,4,32,6154,70,1162,21,123170,22720,"Europe","2020-04-10"
"508","Norway",2020-04-10,"recovered",32,0,5421000,47,6,6298,79,112,4,32,6154,70,1162,21,123170,22720,"Europe","2020-04-10"
"509","Oman",2020-04-10,"active",372,0,5107000,9,24,484,27,3,NA,109,372,3,95,0.6,NA,NA,"Asia","2020-04-10"
"510","Oman",2020-04-10,"confirmed",484,27,5107000,3,16,484,27,3,NA,109,372,3,95,0.6,NA,NA,"Asia","2020-04-10"
"511","Oman",2020-04-10,"deaths",3,NA,5107000,7,50,484,27,3,NA,109,372,3,95,0.6,NA,NA,"Asia","2020-04-10"
"512","Oman",2020-04-10,"recovered",109,37,5107000,1,40,484,27,3,NA,109,372,3,95,0.6,NA,NA,"Asia","2020-04-10"
"513","Pakistan",2020-04-10,"active",3902,117,220892000,15,65,4695,206,66,1,727,3902,45,21,0.3,54706,248,"Asia","2020-04-10"
"514","Pakistan",2020-04-10,"confirmed",4695,206,220892000,11,26,4695,206,66,1,727,3902,45,21,0.3,54706,248,"Asia","2020-04-10"
"515","Pakistan",2020-04-10,"deaths",66,1,220892000,18,18,4695,206,66,1,727,3902,45,21,0.3,54706,248,"Asia","2020-04-10"
"516","Pakistan",2020-04-10,"recovered",727,105,220892000,21,29,4695,206,66,1,727,3902,45,21,0.3,54706,248,"Asia","2020-04-10"
"517","Panama",2020-04-10,"active",2670,275,4315000,3,-80.7821,2752,NA,66,NA,16,2670,107,638,15,11776,2729,"North America","2020-04-10"
"518","Panama",2020-04-10,"confirmed",2752,NA,4315000,7,-80.7821,2752,NA,66,NA,16,2670,107,638,15,11776,2729,"North America","2020-04-10"
"519","Panama",2020-04-10,"deaths",66,NA,4315000,2,-80.7821,2752,NA,66,NA,16,2670,107,638,15,11776,2729,"North America","2020-04-10"
"520","Panama",2020-04-10,"recovered",16,0,4315000,4,-80.7821,2752,NA,66,NA,16,2670,107,638,15,11776,2729,"North America","2020-04-10"
"521","Papua New Guinea",2020-04-10,"active",2,0,8947000,-6.315,56,2,NA,NA,NA,NA,2,NA,0.2,NA,72,8,"Australia/Oceania","2020-04-10"
"522","Papua New Guinea",2020-04-10,"confirmed",2,NA,8947000,-6.315,120,2,NA,NA,NA,NA,2,NA,0.2,NA,72,8,"Australia/Oceania","2020-04-10"
"523","Papua New Guinea",2020-04-10,"deaths",NA,NA,8947000,-6.315,125,2,NA,NA,NA,NA,2,NA,0.2,NA,72,8,"Australia/Oceania","2020-04-10"
"524","Papua New Guinea",2020-04-10,"recovered",NA,0,8947000,-6.315,128,2,NA,NA,NA,NA,2,NA,0.2,NA,72,8,"Australia/Oceania","2020-04-10"
"525","Paraguay",2020-04-10,"active",105,2,7133000,-23.4425,-58.4438,129,5,6,1,18,105,1,18,0.8,2262,317,"South America","2020-04-10"
"526","Paraguay",2020-04-10,"confirmed",129,5,7133000,-23.4425,-58.4438,129,5,6,1,18,105,1,18,0.8,2262,317,"South America","2020-04-10"
"527","Paraguay",2020-04-10,"deaths",6,1,7133000,-23.4425,-58.4438,129,5,6,1,18,105,1,18,0.8,2262,317,"South America","2020-04-10"
"528","Paraguay",2020-04-10,"recovered",18,3,7133000,-23.4425,-58.4438,129,5,6,1,18,105,1,18,0.8,2262,317,"South America","2020-04-10"
"529","Peru",2020-04-10,"active",3680,792,32972000,-9.19,-75.0152,5256,NA,138,NA,1438,3680,124,159,4,48465,1470,"South America","2020-04-10"
"530","Peru",2020-04-10,"confirmed",5256,NA,32972000,-9.19,-75.0152,5256,NA,138,NA,1438,3680,124,159,4,48465,1470,"South America","2020-04-10"
"531","Peru",2020-04-10,"deaths",138,NA,32972000,-9.19,-75.0152,5256,NA,138,NA,1438,3680,124,159,4,48465,1470,"South America","2020-04-10"
"532","Peru",2020-04-10,"recovered",1438,105,32972000,-9.19,-75.0152,5256,NA,138,NA,1438,3680,124,159,4,48465,1470,"South America","2020-04-10"
"533","Philippines",2020-04-10,"active",3834,157,109581000,10,51,4195,119,221,18,140,3834,1,38,2,24500,224,"Asia","2020-04-10"
"534","Philippines",2020-04-10,"confirmed",4195,119,109581000,3,17,4195,119,221,18,140,3834,1,38,2,24500,224,"Asia","2020-04-10"
"535","Philippines",2020-04-10,"deaths",221,18,109581000,4,55,4195,119,221,18,140,3834,1,38,2,24500,224,"Asia","2020-04-10"
"536","Philippines",2020-04-10,"recovered",140,28,109581000,2,38,4195,119,221,18,140,3834,1,38,2,24500,224,"Asia","2020-04-10"
"537","Poland",2020-04-10,"active",5456,293,37847000,51,16,5955,380,181,7,318,5456,160,157,5,118295,3126,"Europe","2020-04-10"
"538","Poland",2020-04-10,"confirmed",5955,380,37847000,48,2,5955,380,181,7,318,5456,160,157,5,118295,3126,"Europe","2020-04-10"
"539","Poland",2020-04-10,"deaths",181,7,37847000,19,16,5955,380,181,7,318,5456,160,157,5,118295,3126,"Europe","2020-04-10"
"540","Poland",2020-04-10,"recovered",318,62,37847000,45,14,5955,380,181,7,318,5456,160,157,5,118295,3126,"Europe","2020-04-10"
"541","Portugal",2020-04-10,"active",14804,777,10197000,18,-8.2245,15472,1516,435,26,233,14804,226,1517,43,144000,14122,"Europe","2020-04-10"
"542","Portugal",2020-04-10,"confirmed",15472,1516,10197000,36,-8.2245,15472,1516,435,26,233,14804,226,1517,43,144000,14122,"Europe","2020-04-10"
"543","Portugal",2020-04-10,"deaths",435,26,10197000,20,-8.2245,15472,1516,435,26,233,14804,226,1517,43,144000,14122,"Europe","2020-04-10"
"544","Portugal",2020-04-10,"recovered",233,9,10197000,17,-8.2245,15472,1516,435,26,233,14804,226,1517,43,144000,14122,"Europe","2020-04-10"
"545","Qatar",2020-04-10,"active",2279,138,2881000,24,38,2512,136,6,NA,227,2279,37,872,2,45339,15737,"Asia","2020-04-10"
"546","Qatar",2020-04-10,"confirmed",2512,136,2881000,25,14,2512,136,6,NA,227,2279,37,872,2,45339,15737,"Asia","2020-04-10"
"547","Qatar",2020-04-10,"deaths",6,NA,2881000,18,27,2512,136,6,NA,227,2279,37,872,2,45339,15737,"Asia","2020-04-10"
"548","Qatar",2020-04-10,"recovered",227,28,2881000,3,34,2512,136,6,NA,227,2279,37,872,2,45339,15737,"Asia","2020-04-10"
"549","Romania",2020-04-10,"active",4468,294,19238000,24,22,5467,265,270,22,729,4468,183,284,14,55430,2881,"Europe","2020-04-10"
"550","Romania",2020-04-10,"confirmed",5467,265,19238000,34,15,5467,265,270,22,729,4468,183,284,14,55430,2881,"Europe","2020-04-10"
"551","Romania",2020-04-10,"deaths",270,22,19238000,5,3,5467,265,270,22,729,4468,183,284,14,55430,2881,"Europe","2020-04-10"
"552","Romania",2020-04-10,"recovered",729,119,19238000,32,23,5467,265,270,22,729,4468,183,284,14,55430,2881,"Europe","2020-04-10"
"553","Russia",2020-04-10,"active",11028,1328,5101000,50,10,11917,1786,94,18,795,11028,8,82,0.6,1090000,7469,"Europe","2020-04-10"
"554","Russia",2020-04-10,"confirmed",11917,1786,5101000,36,62,11917,1786,94,18,795,11028,8,82,0.6,1090000,7469,"Europe","2020-04-10"
"555","Russia",2020-04-10,"deaths",94,18,5101000,53,41,11917,1786,94,18,795,11028,8,82,0.6,1090000,7469,"Europe","2020-04-10"
"556","Russia",2020-04-10,"recovered",795,118,5101000,40,56,11917,1786,94,18,795,11028,8,82,0.6,1090000,7469,"Europe","2020-04-10"
"557","Rwanda",2020-04-10,"active",106,0,12952000,-1.9403,3,113,NA,NA,NA,7,106,NA,9,NA,806,62,"Africa","2020-04-10"
"558","Rwanda",2020-04-10,"confirmed",113,NA,12952000,-1.9403,16,113,NA,NA,NA,7,106,NA,9,NA,806,62,"Africa","2020-04-10"
"559","Rwanda",2020-04-10,"deaths",NA,NA,12952000,-1.9403,25,113,NA,NA,NA,7,106,NA,9,NA,806,62,"Africa","2020-04-10"
"560","Rwanda",2020-04-10,"recovered",7,0,12952000,-1.9403,3,113,NA,NA,NA,7,106,NA,9,NA,806,62,"Africa","2020-04-10"
"561","Saint Kitts and Nevis",2020-04-10,"active",11,0,53000,11,-62.782998,11,NA,NA,NA,NA,11,NA,207,NA,197,3703,"North America","2020-04-10"
"562","Saint Kitts and Nevis",2020-04-10,"confirmed",11,NA,53000,5,-62.782998,11,NA,NA,NA,NA,11,NA,207,NA,197,3703,"North America","2020-04-10"
"563","Saint Kitts and Nevis",2020-04-10,"deaths",NA,NA,53000,6,-62.782998,11,NA,NA,NA,NA,11,NA,207,NA,197,3703,"North America","2020-04-10"
"564","Saint Kitts and Nevis",2020-04-10,"recovered",NA,0,53000,1,-62.782998,11,NA,NA,NA,NA,11,NA,207,NA,197,3703,"North America","2020-04-10"
"565","Saint Lucia",2020-04-10,"active",13,0,184000,13,-60.9789,14,NA,NA,NA,1,13,NA,76,NA,NA,NA,"North America","2020-04-10"
"566","Saint Lucia",2020-04-10,"confirmed",14,NA,184000,9,-60.9789,14,NA,NA,NA,1,13,NA,76,NA,NA,NA,"North America","2020-04-10"
"567","Saint Lucia",2020-04-10,"deaths",NA,NA,184000,9,-60.9789,14,NA,NA,NA,1,13,NA,76,NA,NA,NA,"North America","2020-04-10"
"568","Saint Lucia",2020-04-10,"recovered",1,0,184000,2,-60.9789,14,NA,NA,NA,1,13,NA,76,NA,NA,NA,"North America","2020-04-10"
"569","Saint Vincent and the Grenadines",2020-04-10,"active",11,4,111000,9,-61.2872,12,NA,NA,NA,1,11,NA,108,NA,56,505,"North America","2020-04-10"
"570","Saint Vincent and the Grenadines",2020-04-10,"confirmed",12,NA,111000,11,-61.2872,12,NA,NA,NA,1,11,NA,108,NA,56,505,"North America","2020-04-10"
"571","Saint Vincent and the Grenadines",2020-04-10,"deaths",NA,NA,111000,5,-61.2872,12,NA,NA,NA,1,11,NA,108,NA,56,505,"North America","2020-04-10"
"572","Saint Vincent and the Grenadines",2020-04-10,"recovered",1,0,111000,8,-61.2872,12,NA,NA,NA,1,11,NA,108,NA,56,505,"North America","2020-04-10"
"573","San Marino",2020-04-10,"active",260,45,34000,33,2,344,11,34,NA,50,260,14,10138,1002,846,24933,"Europe","2020-04-10"
"574","San Marino",2020-04-10,"confirmed",344,11,34000,20,8,344,11,34,NA,50,260,14,10138,1002,846,24933,"Europe","2020-04-10"
"575","San Marino",2020-04-10,"deaths",34,NA,34000,26,8,344,11,34,NA,50,260,14,10138,1002,846,24933,"Europe","2020-04-10"
"576","San Marino",2020-04-10,"recovered",50,9,34000,36,5,344,11,34,NA,50,260,14,10138,1002,846,24933,"Europe","2020-04-10"
"577","Sao Tome and Principe",2020-04-10,"active",4,0,219000,0.18636,2,4,NA,NA,NA,NA,4,NA,18,NA,19,87,"Africa","2020-04-10"
"578","Sao Tome and Principe",2020-04-10,"confirmed",4,NA,219000,0.18636,6,4,NA,NA,NA,NA,4,NA,18,NA,19,87,"Africa","2020-04-10"
"579","Sao Tome and Principe",2020-04-10,"deaths",NA,NA,219000,0.18636,2,4,NA,NA,NA,NA,4,NA,18,NA,19,87,"Africa","2020-04-10"
"580","Sao Tome and Principe",2020-04-10,"recovered",NA,0,219000,0.18636,5,4,NA,NA,NA,NA,4,NA,18,NA,19,87,"Africa","2020-04-10"
"581","Saudi Arabia",2020-04-10,"active",2919,317,34814000,21,39,3651,364,47,3,685,2919,57,105,1,115585,3320,"Asia","2020-04-10"
"582","Saudi Arabia",2020-04-10,"confirmed",3651,364,34814000,5,5,3651,364,47,3,685,2919,57,105,1,115585,3320,"Asia","2020-04-10"
"583","Saudi Arabia",2020-04-10,"deaths",47,3,34814000,24,21,3651,364,47,3,685,2919,57,105,1,115585,3320,"Asia","2020-04-10"
"584","Saudi Arabia",2020-04-10,"recovered",685,35,34814000,16,23,3651,364,47,3,685,2919,57,105,1,115585,3320,"Asia","2020-04-10"
"585","Senegal",2020-04-10,"active",126,-4,16744000,1,-14.4524,265,15,2,NA,137,126,1,16,0.1,NA,NA,"Africa","2020-04-10"
"586","Senegal",2020-04-10,"confirmed",265,15,16744000,2,-14.4524,265,15,2,NA,137,126,1,16,0.1,NA,NA,"Africa","2020-04-10"
"587","Senegal",2020-04-10,"deaths",2,NA,16744000,14,-14.4524,265,15,2,NA,137,126,1,16,0.1,NA,NA,"Africa","2020-04-10"
"588","Senegal",2020-04-10,"recovered",137,10,16744000,7,-14.4524,265,15,2,NA,137,126,1,16,0.1,NA,NA,"Africa","2020-04-10"
"589","Serbia",2020-04-10,"active",2916,200,8737000,11,1,3105,238,71,5,118,2916,136,355,8,14240,1630,"Europe","2020-04-10"
"590","Serbia",2020-04-10,"confirmed",3105,238,8737000,28,5,3105,238,71,5,118,2916,136,355,8,14240,1630,"Europe","2020-04-10"
"591","Serbia",2020-04-10,"deaths",71,5,8737000,26,3,3105,238,71,5,118,2916,136,355,8,14240,1630,"Europe","2020-04-10"
"592","Serbia",2020-04-10,"recovered",118,0,8737000,18,5,3105,238,71,5,118,2916,136,355,8,14240,1630,"Europe","2020-04-10"
"593","Seychelles",2020-04-10,"active",11,0,98000,-4.6796,13,11,NA,NA,NA,NA,11,NA,112,NA,NA,NA,"Africa","2020-04-10"
"594","Seychelles",2020-04-10,"confirmed",11,NA,98000,-4.6796,42,11,NA,NA,NA,NA,11,NA,112,NA,NA,NA,"Africa","2020-04-10"
"595","Seychelles",2020-04-10,"deaths",NA,NA,98000,-4.6796,50,11,NA,NA,NA,NA,11,NA,112,NA,NA,NA,"Africa","2020-04-10"
"596","Seychelles",2020-04-10,"recovered",NA,0,98000,-4.6796,38,11,NA,NA,NA,NA,11,NA,112,NA,NA,NA,"Africa","2020-04-10"
"597","Sierra Leone",2020-04-10,"active",8,0,7977000,4,-11.779889,8,1,NA,NA,NA,8,NA,1,NA,NA,NA,"Africa","2020-04-10"
"598","Sierra Leone",2020-04-10,"confirmed",8,1,7977000,5,-11.779889,8,1,NA,NA,NA,8,NA,1,NA,NA,NA,"Africa","2020-04-10"
"599","Sierra Leone",2020-04-10,"deaths",NA,NA,7977000,1,-11.779889,8,1,NA,NA,NA,8,NA,1,NA,NA,NA,"Africa","2020-04-10"
"600","Sierra Leone",2020-04-10,"recovered",NA,0,7977000,5,-11.779889,8,1,NA,NA,NA,8,NA,1,NA,NA,NA,"Africa","2020-04-10"
"601","Singapore",2020-04-10,"active",1609,233,5850000,1,58,2108,198,7,1,492,1609,29,360,1,72680,12423,"Asia","2020-04-10"
"602","Singapore",2020-04-10,"confirmed",2108,198,5850000,1,5,2108,198,7,1,492,1609,29,360,1,72680,12423,"Asia","2020-04-10"
"603","Singapore",2020-04-10,"deaths",7,1,5850000,1,95,2108,198,7,1,492,1609,29,360,1,72680,12423,"Asia","2020-04-10"
"604","Singapore",2020-04-10,"recovered",492,54,5850000,1,40,2108,198,7,1,492,1609,29,360,1,72680,12423,"Asia","2020-04-10"
"605","Slovakia",2020-04-10,"active",690,12,5460000,21,9,715,14,2,NA,23,690,5,131,0.4,22957,4205,"Europe","2020-04-10"
"606","Slovakia",2020-04-10,"confirmed",715,14,5460000,34,10,715,14,2,NA,23,690,5,131,0.4,22957,4205,"Europe","2020-04-10"
"607","Slovakia",2020-04-10,"deaths",2,NA,5460000,8,1,715,14,2,NA,23,690,5,131,0.4,22957,4205,"Europe","2020-04-10"
"608","Slovakia",2020-04-10,"recovered",23,7,5460000,1,12,715,14,2,NA,23,690,5,131,0.4,22957,4205,"Europe","2020-04-10"
"609","Slovenia",2020-04-10,"active",978,22,2079000,30,12,1160,36,45,2,137,978,36,558,22,33047,15896,"Europe","2020-04-10"
"610","Slovenia",2020-04-10,"confirmed",1160,36,2079000,42,7,1160,36,45,2,137,978,36,558,22,33047,15896,"Europe","2020-04-10"
"611","Slovenia",2020-04-10,"deaths",45,2,2079000,31,3,1160,36,45,2,137,978,36,558,22,33047,15896,"Europe","2020-04-10"
"612","Slovenia",2020-04-10,"recovered",137,8,2079000,29,13,1160,36,45,2,137,978,36,558,22,33047,15896,"Europe","2020-04-10"
"613","Somalia",2020-04-10,"active",19,0,15893000,1,5,21,9,1,NA,1,19,NA,1,0.06,NA,NA,"Africa","2020-04-10"
"614","Somalia",2020-04-10,"confirmed",21,9,15893000,1,44,21,9,1,NA,1,19,NA,1,0.06,NA,NA,"Africa","2020-04-10"
"615","Somalia",2020-04-10,"deaths",1,NA,15893000,2,31,21,9,1,NA,1,19,NA,1,0.06,NA,NA,"Africa","2020-04-10"
"616","Somalia",2020-04-10,"recovered",1,0,15893000,4,29,21,9,1,NA,1,19,NA,1,0.06,NA,NA,"Africa","2020-04-10"
"617","South Africa",2020-04-10,"active",1569,89,59309000,-30.5595,1,2003,69,24,6,410,1569,7,34,0.4,73028,1231,"Africa","2020-04-10"
"618","South Africa",2020-04-10,"confirmed",2003,69,59309000,-30.5595,13,2003,69,24,6,410,1569,7,34,0.4,73028,1231,"Africa","2020-04-10"
"619","South Africa",2020-04-10,"deaths",24,6,59309000,-30.5595,22,2003,69,24,6,410,1569,7,34,0.4,73028,1231,"Africa","2020-04-10"
"620","South Africa",2020-04-10,"recovered",410,0,59309000,-30.5595,6,2003,69,24,6,410,1569,7,34,0.4,73028,1231,"Africa","2020-04-10"
"621","South Sudan",2020-04-10,"active",4,1,11194000,4,26,4,1,NA,NA,NA,4,NA,0.4,NA,NA,NA,"Africa","2020-04-10"
"622","South Sudan",2020-04-10,"confirmed",4,1,11194000,1,9,4,1,NA,NA,NA,4,NA,0.4,NA,NA,NA,"Africa","2020-04-10"
"623","South Sudan",2020-04-10,"deaths",NA,NA,11194000,2,13,4,1,NA,NA,NA,4,NA,0.4,NA,NA,NA,"Africa","2020-04-10"
"624","South Sudan",2020-04-10,"recovered",NA,0,11194000,6,25,4,1,NA,NA,NA,4,NA,0.4,NA,NA,NA,"Africa","2020-04-10"
"625","Spain",2020-04-10,"active",85415,203,46755000,33,-4,157053,3831,15970,523,55668,85415,7371,3359,342,355000,7593,"Europe","2020-04-10"
"626","Spain",2020-04-10,"confirmed",157053,3831,46755000,8,-4,157053,3831,15970,523,55668,85415,7371,3359,342,355000,7593,"Europe","2020-04-10"
"627","Spain",2020-04-10,"deaths",15970,523,46755000,24,-4,157053,3831,15970,523,55668,85415,7371,3359,342,355000,7593,"Europe","2020-04-10"
"628","Spain",2020-04-10,"recovered",55668,4144,46755000,35,-4,157053,3831,15970,523,55668,85415,7371,3359,342,355000,7593,"Europe","2020-04-10"
"629","Sri Lanka",2020-04-10,"active",129,-4,21413000,6,76,190,NA,7,NA,54,129,5,9,0.3,3248,152,"Asia","2020-04-10"
"630","Sri Lanka",2020-04-10,"confirmed",190,NA,21413000,4,16,190,NA,7,NA,54,129,5,9,0.3,3248,152,"Asia","2020-04-10"
"631","Sri Lanka",2020-04-10,"deaths",7,NA,21413000,4,18,190,NA,7,NA,54,129,5,9,0.3,3248,152,"Asia","2020-04-10"
"632","Sri Lanka",2020-04-10,"recovered",54,5,21413000,5,54,190,NA,7,NA,54,129,5,9,0.3,3248,152,"Asia","2020-04-10"
"633","Sudan",2020-04-10,"active",11,1,43849000,1,3,15,NA,2,NA,2,11,NA,0.3,0.05,NA,NA,"Africa","2020-04-10"
"634","Sudan",2020-04-10,"confirmed",15,NA,43849000,6,4,15,NA,2,NA,2,11,NA,0.3,0.05,NA,NA,"Africa","2020-04-10"
"635","Sudan",2020-04-10,"deaths",2,NA,43849000,3,25,15,NA,2,NA,2,11,NA,0.3,0.05,NA,NA,"Africa","2020-04-10"
"636","Sudan",2020-04-10,"recovered",2,0,43849000,8,25,15,NA,2,NA,2,11,NA,0.3,0.05,NA,NA,"Africa","2020-04-10"
"637","Suriname",2020-04-10,"active",5,-1,587000,1,-56.0278,10,NA,1,NA,4,5,NA,17,2,NA,NA,"South America","2020-04-10"
"638","Suriname",2020-04-10,"confirmed",10,NA,587000,2,-56.0278,10,NA,1,NA,4,5,NA,17,2,NA,NA,"South America","2020-04-10"
"639","Suriname",2020-04-10,"deaths",1,NA,587000,1,-56.0278,10,NA,1,NA,4,5,NA,17,2,NA,NA,"South America","2020-04-10"
"640","Suriname",2020-04-10,"recovered",4,1,587000,1,-56.0278,10,NA,1,NA,4,5,NA,17,2,NA,NA,"South America","2020-04-10"
"641","Sweden",2020-04-10,"active",8434,616,10099000,35,1,9685,544,870,77,381,8434,749,959,86,54700,5416,"Europe","2020-04-10"
"642","Sweden",2020-04-10,"confirmed",9685,544,10099000,3,11,9685,544,870,77,381,8434,749,959,86,54700,5416,"Europe","2020-04-10"
"643","Sweden",2020-04-10,"deaths",870,77,10099000,30,5,9685,544,870,77,381,8434,749,959,86,54700,5416,"Europe","2020-04-10"
"644","Sweden",2020-04-10,"recovered",381,0,10099000,27,15,9685,544,870,77,381,8434,749,959,86,54700,5416,"Europe","2020-04-10"
"645","Switzerland",2020-04-10,"active",12950,-82,8655000,39,7,24551,500,1001,53,10600,12950,386,2837,116,178500,20625,"Europe","2020-04-10"
"646","Switzerland",2020-04-10,"confirmed",24551,500,8655000,43,1,24551,500,1001,53,10600,12950,386,2837,116,178500,20625,"Europe","2020-04-10"
"647","Switzerland",2020-04-10,"deaths",1001,53,8655000,12,3,24551,500,1001,53,10600,12950,386,2837,116,178500,20625,"Europe","2020-04-10"
"648","Switzerland",2020-04-10,"recovered",10600,800,8655000,40,3,24551,500,1001,53,10600,12950,386,2837,116,178500,20625,"Europe","2020-04-10"
"649","Syria",2020-04-10,"active",13,0,17501000,23,9,19,NA,2,NA,4,13,NA,1,0.1,NA,NA,"Asia","2020-04-10"
"650","Syria",2020-04-10,"confirmed",19,NA,17501000,27,17,19,NA,2,NA,4,13,NA,1,0.1,NA,NA,"Asia","2020-04-10"
"651","Syria",2020-04-10,"deaths",2,NA,17501000,1,27,19,NA,2,NA,4,13,NA,1,0.1,NA,NA,"Asia","2020-04-10"
"652","Syria",2020-04-10,"recovered",4,0,17501000,20,31,19,NA,2,NA,4,13,NA,1,0.1,NA,NA,"Asia","2020-04-10"
"653","Taiwan*",2020-04-10,"active",285,-5,23780452,9,98,382,2,6,1,91,285,NA,16,0.3,43886,1843,"Asia","2020-04-10"
"654","Taiwan*",2020-04-10,"confirmed",382,2,23780452,22,80,382,2,6,1,91,285,NA,16,0.3,43886,1843,"Asia","2020-04-10"
"655","Taiwan*",2020-04-10,"deaths",6,1,23780452,12,95,382,2,6,1,91,285,NA,16,0.3,43886,1843,"Asia","2020-04-10"
"656","Taiwan*",2020-04-10,"recovered",91,6,23780452,21,110,382,2,6,1,91,285,NA,16,0.3,43886,1843,"Asia","2020-04-10"
"657","Tanzania",2020-04-10,"active",24,0,7276000,-6.369,33,32,7,3,2,5,24,NA,0.5,0.05,NA,NA,"Africa","2020-04-10"
"658","Tanzania",2020-04-10,"confirmed",32,7,7276000,-6.369,29,32,7,3,2,5,24,NA,0.5,0.05,NA,NA,"Africa","2020-04-10"
"659","Tanzania",2020-04-10,"deaths",3,2,7276000,-6.369,2,32,7,3,2,5,24,NA,0.5,0.05,NA,NA,"Africa","2020-04-10"
"660","Tanzania",2020-04-10,"recovered",5,0,7276000,-6.369,18,32,7,3,2,5,24,NA,0.5,0.05,NA,NA,"Africa","2020-04-10"
"661","Thailand",2020-04-10,"active",1427,0,69800000,2,94,2473,50,33,1,1013,1427,61,35,0.5,71860,1030,"Asia","2020-04-10"
"662","Thailand",2020-04-10,"confirmed",2473,50,69800000,3,86,2473,50,33,1,1013,1427,61,35,0.5,71860,1030,"Asia","2020-04-10"
"663","Thailand",2020-04-10,"deaths",33,1,69800000,11,56,2473,50,33,1,1013,1427,61,35,0.5,71860,1030,"Asia","2020-04-10"
"664","Thailand",2020-04-10,"recovered",1013,52,69800000,12,36,2473,50,33,1,1013,1427,61,35,0.5,71860,1030,"Asia","2020-04-10"
"665","Timor-Leste",2020-04-10,"active",1,0,1318000,-8.874217,21,2,1,NA,NA,1,1,NA,2,NA,NA,NA,"Asia","2020-04-10"
"666","Timor-Leste",2020-04-10,"confirmed",2,1,1318000,-8.874217,119,2,1,NA,NA,1,1,NA,2,NA,NA,NA,"Asia","2020-04-10"
"667","Timor-Leste",2020-04-10,"deaths",NA,NA,1318000,-8.874217,9,2,1,NA,NA,1,1,NA,2,NA,NA,NA,"Asia","2020-04-10"
"668","Timor-Leste",2020-04-10,"recovered",1,0,1318000,-8.874217,113,2,1,NA,NA,1,1,NA,2,NA,NA,NA,"Asia","2020-04-10"
"669","Togo",2020-04-10,"active",48,2,8279000,6,0.8248,76,3,3,NA,25,48,NA,9,0.4,2069,250,"Africa","2020-04-10"
"670","Togo",2020-04-10,"confirmed",76,3,8279000,3,0.8248,76,3,3,NA,25,48,NA,9,0.4,2069,250,"Africa","2020-04-10"
"671","Togo",2020-04-10,"deaths",3,NA,8279000,4,0.8248,76,3,3,NA,25,48,NA,9,0.4,2069,250,"Africa","2020-04-10"
"672","Togo",2020-04-10,"recovered",25,1,8279000,2,0.8248,76,3,3,NA,25,48,NA,9,0.4,2069,250,"Africa","2020-04-10"
"673","Trinidad and Tobago",2020-04-10,"active",100,2,1399000,1,-61.2225,109,NA,8,NA,1,100,NA,78,6,1045,747,"North America","2020-04-10"
"674","Trinidad and Tobago",2020-04-10,"confirmed",109,NA,1399000,9,-61.2225,109,NA,8,NA,1,100,NA,78,6,1045,747,"North America","2020-04-10"
"675","Trinidad and Tobago",2020-04-10,"deaths",8,NA,1399000,2,-61.2225,109,NA,8,NA,1,100,NA,78,6,1045,747,"North America","2020-04-10"
"676","Trinidad and Tobago",2020-04-10,"recovered",1,0,1399000,4,-61.2225,109,NA,8,NA,1,100,NA,78,6,1045,747,"North America","2020-04-10"
"677","Tunisia",2020-04-10,"active",593,14,11819000,9,6,643,NA,25,NA,25,593,78,54,2,9570,810,"Africa","2020-04-10"
"678","Tunisia",2020-04-10,"confirmed",643,NA,11819000,24,2,643,NA,25,NA,25,593,78,54,2,9570,810,"Africa","2020-04-10"
"679","Tunisia",2020-04-10,"deaths",25,NA,11819000,2,9,643,NA,25,NA,25,593,78,54,2,9570,810,"Africa","2020-04-10"
"680","Tunisia",2020-04-10,"recovered",25,0,11819000,20,5,643,NA,25,NA,25,593,78,54,2,9570,810,"Africa","2020-04-10"
"681","Turkey",2020-04-10,"active",43600,3664,84339000,30,4,47029,4747,1006,98,2423,43600,1667,558,12,307210,3643,"Asia","2020-04-10"
"682","Turkey",2020-04-10,"confirmed",47029,4747,84339000,7,22,47029,4747,1006,98,2423,43600,1667,558,12,307210,3643,"Asia","2020-04-10"
"683","Turkey",2020-04-10,"deaths",1006,98,84339000,32,21,47029,4747,1006,98,2423,43600,1667,558,12,307210,3643,"Asia","2020-04-10"
"684","Turkey",2020-04-10,"recovered",2423,296,84339000,32,7,47029,4747,1006,98,2423,43600,1667,558,12,307210,3643,"Asia","2020-04-10"
"685","Uganda",2020-04-10,"active",53,0,45741000,1,25,53,NA,NA,NA,NA,53,NA,1,NA,3310,72,"Africa","2020-04-10"
"686","Uganda",2020-04-10,"confirmed",53,NA,45741000,1,30,53,NA,NA,NA,NA,53,NA,1,NA,3310,72,"Africa","2020-04-10"
"687","Uganda",2020-04-10,"deaths",NA,NA,45741000,1,7,53,NA,NA,NA,NA,53,NA,1,NA,3310,72,"Africa","2020-04-10"
"688","Uganda",2020-04-10,"recovered",NA,0,45741000,1,27,53,NA,NA,NA,NA,53,NA,1,NA,3310,72,"Africa","2020-04-10"
"689","Ukraine",2020-04-10,"active",2073,209,43734000,2,28,2203,311,69,12,61,2073,33,50,2,23522,538,"Europe","2020-04-10"
"690","Ukraine",2020-04-10,"confirmed",2203,311,43734000,8,8,2203,311,69,12,61,2073,33,50,2,23522,538,"Europe","2020-04-10"
"691","Ukraine",2020-04-10,"deaths",69,12,43734000,31,26,2203,311,69,12,61,2073,33,50,2,23522,538,"Europe","2020-04-10"
"692","Ukraine",2020-04-10,"recovered",61,10,43734000,42,21,2203,311,69,12,61,2073,33,50,2,23522,538,"Europe","2020-04-10"
"693","United Arab Emirates",2020-04-10,"active",2708,300,9890000,8,14,2990,NA,14,NA,268,2708,1,302,1,593095,59967,"Asia","2020-04-10"
"694","United Arab Emirates",2020-04-10,"confirmed",2990,NA,9890000,19,20,2990,NA,14,NA,268,2708,1,302,1,593095,59967,"Asia","2020-04-10"
"695","United Arab Emirates",2020-04-10,"deaths",14,NA,9890000,6,16,2990,NA,14,NA,268,2708,1,302,1,593095,59967,"Asia","2020-04-10"
"696","United Arab Emirates",2020-04-10,"recovered",268,29,9890000,11,13,2990,NA,14,NA,268,2708,1,302,1,593095,59967,"Asia","2020-04-10"
"697","United Kingdom",2020-04-10,"active",64665,3502,67886000,18.4207,-71.7979,73758,8681,8958,980,135,64665,1559,1086,132,316836,4667,"Europe","2020-04-10"
"698","United Kingdom",2020-04-10,"confirmed",73758,8681,67886000,49.3723,-5.3536,73758,8681,8958,980,135,64665,1559,1086,132,316836,4667,"Europe","2020-04-10"
"699","United Kingdom",2020-04-10,"deaths",8958,980,67886000,36.1408,-4.5481,73758,8681,8958,980,135,64665,1559,1086,132,316836,4667,"Europe","2020-04-10"
"700","United Kingdom",2020-04-10,"recovered",135,14,67886000,16.7425,-4.5481,73758,8681,8958,980,135,64665,1559,1086,132,316836,4667,"Europe","2020-04-10"
"701","Uruguay",2020-04-10,"active",260,-10,3474000,-32.5228,-55.7658,473,17,7,NA,206,260,13,136,2,6856,1974,"South America","2020-04-10"
"702","Uruguay",2020-04-10,"confirmed",473,17,3474000,-32.5228,-55.7658,473,17,7,NA,206,260,13,136,2,6856,1974,"South America","2020-04-10"
"703","Uruguay",2020-04-10,"deaths",7,NA,3474000,-32.5228,-55.7658,473,17,7,NA,206,260,13,136,2,6856,1974,"South America","2020-04-10"
"704","Uruguay",2020-04-10,"recovered",206,42,3474000,-32.5228,-55.7658,473,17,7,NA,206,260,13,136,2,6856,1974,"South America","2020-04-10"
"705","US",2020-04-10,"active",444670,28751,4034000,20,-95.7129,488844,20278,17995,1304,26179,444670,10896,1477,54,2488136,7517,"North America","2020-04-10"
"706","US",2020-04-10,"confirmed",488844,20278,4034000,2,-95.7129,488844,20278,17995,1304,26179,444670,10896,1477,54,2488136,7517,"North America","2020-04-10"
"707","US",2020-04-10,"deaths",17995,1304,4034000,30,-95.7129,488844,20278,17995,1304,26179,444670,10896,1477,54,2488136,7517,"North America","2020-04-10"
"708","US",2020-04-10,"recovered",26179,1851,4034000,26,-95.7129,488844,20278,17995,1304,26179,444670,10896,1477,54,2488136,7517,"North America","2020-04-10"
"709","Uzbekistan",2020-04-10,"active",579,29,33469000,22,42,624,42,3,NA,42,579,8,19,0.09,70000,2091,"Asia","2020-04-10"
"710","Uzbekistan",2020-04-10,"confirmed",624,42,33469000,1,27,624,42,3,NA,42,579,8,19,0.09,70000,2091,"Asia","2020-04-10"
"711","Uzbekistan",2020-04-10,"deaths",3,NA,33469000,34,9,624,42,3,NA,42,579,8,19,0.09,70000,2091,"Asia","2020-04-10"
"712","Uzbekistan",2020-04-10,"recovered",42,8,33469000,20,64,624,42,3,NA,42,579,8,19,0.09,70000,2091,"Asia","2020-04-10"
"713","Venezuela",2020-04-10,"active",78,-15,437000,6,-66.5897,171,NA,9,NA,84,78,6,6,0.3,139282,4898,"South America","2020-04-10"
"714","Venezuela",2020-04-10,"confirmed",171,NA,437000,3,-66.5897,171,NA,9,NA,84,78,6,6,0.3,139282,4898,"South America","2020-04-10"
"715","Venezuela",2020-04-10,"deaths",9,NA,437000,1,-66.5897,171,NA,9,NA,84,78,6,6,0.3,139282,4898,"South America","2020-04-10"
"716","Venezuela",2020-04-10,"recovered",84,19,437000,2,-66.5897,171,NA,9,NA,84,78,6,6,0.3,139282,4898,"South America","2020-04-10"
"717","Vietnam",2020-04-10,"active",113,2,11673000,14,12,257,2,NA,NA,144,113,8,3,NA,118807,1221,"Asia","2020-04-10"
"718","Vietnam",2020-04-10,"confirmed",257,2,11673000,2,100,257,2,NA,NA,144,113,8,3,NA,118807,1221,"Asia","2020-04-10"
"719","Vietnam",2020-04-10,"deaths",NA,NA,11673000,14,19,257,2,NA,NA,144,113,8,3,NA,118807,1221,"Asia","2020-04-10"
"720","Vietnam",2020-04-10,"recovered",144,2,11673000,10,99,257,2,NA,NA,144,113,8,3,NA,118807,1221,"Asia","2020-04-10"
"721","West Bank and Gaza",2020-04-10,"active",220,0,5518000,20,21,267,4,2,1,45,220,NA,52,0.4,16068,3150,"Asia","2020-04-10"
"722","West Bank and Gaza",2020-04-10,"confirmed",267,4,5518000,4,31,267,4,2,1,45,220,NA,52,0.4,16068,3150,"Asia","2020-04-10"
"723","West Bank and Gaza",2020-04-10,"deaths",2,1,5518000,29,15,267,4,2,1,45,220,NA,52,0.4,16068,3150,"Asia","2020-04-10"
"724","West Bank and Gaza",2020-04-10,"recovered",45,0,5518000,24,16,267,4,2,1,45,220,NA,52,0.4,16068,3150,"Asia","2020-04-10"
"725","Western Sahara",2020-04-10,"active",4,0,597000,20,-12.8858,4,NA,NA,NA,NA,4,NA,7,NA,NA,NA,"Africa","2020-04-10"
"726","Western Sahara",2020-04-10,"confirmed",4,NA,597000,23,-12.8858,4,NA,NA,NA,NA,4,NA,7,NA,NA,NA,"Africa","2020-04-10"
"727","Western Sahara",2020-04-10,"deaths",NA,NA,597000,15,-12.8858,4,NA,NA,NA,NA,4,NA,7,NA,NA,NA,"Africa","2020-04-10"
"728","Western Sahara",2020-04-10,"recovered",NA,0,597000,5,-12.8858,4,NA,NA,NA,NA,4,NA,7,NA,NA,NA,"Africa","2020-04-10"
"729","Zambia",2020-04-10,"active",13,-17,18384000,-15.4167,2,40,1,2,1,25,13,1,2,0.1,1239,67,"Africa","2020-04-10"
"730","Zambia",2020-04-10,"confirmed",40,1,18384000,-15.4167,11,40,1,2,1,25,13,1,2,0.1,1239,67,"Africa","2020-04-10"
"731","Zambia",2020-04-10,"deaths",2,1,18384000,-15.4167,27,40,1,2,1,25,13,1,2,0.1,1239,67,"Africa","2020-04-10"
"732","Zambia",2020-04-10,"recovered",25,17,18384000,-15.4167,21,40,1,2,1,25,13,1,2,0.1,1239,67,"Africa","2020-04-10"
"733","Zimbabwe",2020-04-10,"active",8,0,14863000,-20,20,11,NA,3,NA,NA,8,NA,0.7,0.2,438,29,"Africa","2020-04-10"
"734","Zimbabwe",2020-04-10,"confirmed",11,NA,14863000,-20,29,11,NA,3,NA,NA,8,NA,0.7,0.2,438,29,"Africa","2020-04-10"
"735","Zimbabwe",2020-04-10,"deaths",3,NA,14863000,-20,14,11,NA,3,NA,NA,8,NA,0.7,0.2,438,29,"Africa","2020-04-10"
"736","Zimbabwe",2020-04-10,"recovered",NA,0,14863000,-20,18,11,NA,3,NA,NA,8,NA,0.7,0.2,438,29,"Africa","2020-04-10"
